booking_id,ride_id,rider_id,seats_booked,total_price,status,booked_at
1,1,572,1,5.17,CONFIRMED,2015-05-09 19:26:00
2,1,570,1,5.17,CONFIRMED,2015-05-09 23:26:00
3,1,526,1,5.17,CONFIRMED,2015-05-09 12:26:00
4,1,419,1,5.17,CONFIRMED,2015-05-08 17:26:00
5,2,587,1,4.97,CONFIRMED,2015-05-10 20:46:00
6,2,535,1,4.97,CONFIRMED,2015-05-10 07:46:00
7,3,151,1,13.01,CONFIRMED,2015-05-10 19:15:00
8,3,66,1,13.01,CONFIRMED,2015-05-12 01:15:00
9,3,173,1,13.01,CONFIRMED,2015-05-12 07:15:00
10,3,447,1,13.01,CONFIRMED,2015-05-11 18:15:00
11,4,973,4,103.96,CONFIRMED,2015-05-13 23:24:00
12,5,452,1,13.43,CONFIRMED,2015-05-14 23:29:00
13,5,344,2,26.86,CONFIRMED,2015-05-13 22:29:00
14,5,442,2,26.86,CONFIRMED,2015-05-13 10:29:00
15,6,335,2,8.12,CANCELLED,2015-05-16 06:32:00
16,6,387,2,8.12,CONFIRMED,2015-05-17 07:32:00
17,7,560,1,9.4,PENDING,2015-05-16 09:24:00
18,7,186,1,9.4,CONFIRMED,2015-05-17 07:24:00
19,7,700,1,9.4,CANCELLED,2015-05-16 16:24:00
20,8,144,1,8.7,CONFIRMED,2015-05-17 00:12:00
21,8,650,1,8.7,CONFIRMED,2015-05-16 17:12:00
22,8,312,1,8.7,CONFIRMED,2015-05-17 01:12:00
23,8,249,1,8.7,CONFIRMED,2015-05-17 08:12:00
24,9,610,1,3.27,CONFIRMED,2015-05-17 13:22:00
25,9,655,1,3.27,CONFIRMED,2015-05-19 05:22:00
26,9,938,1,3.27,PENDING,2015-05-17 16:22:00
27,9,89,1,3.27,CONFIRMED,2015-05-18 22:22:00
28,9,113,1,3.27,CONFIRMED,2015-05-16 16:22:00
29,10,458,2,14.12,CONFIRMED,2015-05-17 04:00:00
30,10,385,1,7.06,CONFIRMED,2015-05-19 17:00:00
31,11,109,1,4.27,CONFIRMED,2015-05-19 14:42:00
32,11,304,1,4.27,CONFIRMED,2015-05-17 22:42:00
33,11,427,1,4.27,CONFIRMED,2015-05-18 12:42:00
34,11,944,1,4.27,CONFIRMED,2015-05-17 23:42:00
35,12,70,1,7.66,CONFIRMED,2015-05-29 17:00:00
36,12,309,1,7.66,CONFIRMED,2015-05-30 15:00:00
37,12,47,1,7.66,CONFIRMED,2015-05-28 14:00:00
38,13,340,2,14.96,PENDING,2015-05-31 16:17:00
39,13,575,2,14.96,CONFIRMED,2015-05-31 22:17:00
40,14,407,1,4.2,CONFIRMED,2015-06-01 07:10:00
41,14,31,1,4.2,CONFIRMED,2015-06-02 10:10:00
42,14,757,1,4.2,CONFIRMED,2015-06-03 05:10:00
43,14,630,1,4.2,CONFIRMED,2015-05-31 17:10:00
44,15,376,1,1.62,CONFIRMED,2015-06-02 05:43:00
45,15,335,3,4.86,CANCELLED,2015-05-31 19:43:00
46,16,613,2,4.42,CONFIRMED,2015-06-02 06:00:00
47,16,399,2,4.42,CANCELLED,2015-06-03 04:00:00
48,16,627,2,4.42,CANCELLED,2015-06-03 16:00:00
49,17,322,1,1.72,CONFIRMED,2015-06-04 15:06:00
50,17,122,2,3.44,CONFIRMED,2015-06-02 21:06:00
51,18,430,1,2.03,CONFIRMED,2015-06-03 22:29:00
52,18,612,1,2.03,CONFIRMED,2015-06-03 22:29:00
53,18,143,1,2.03,CONFIRMED,2015-06-04 20:29:00
54,18,590,1,2.03,CONFIRMED,2015-06-04 15:29:00
55,19,498,2,14.22,CONFIRMED,2015-06-05 18:21:00
56,20,420,1,3.33,CONFIRMED,2015-06-12 05:11:00
57,20,703,1,3.33,CONFIRMED,2015-06-11 11:11:00
58,20,505,1,3.33,CONFIRMED,2015-06-11 11:11:00
59,20,427,1,3.33,CONFIRMED,2015-06-10 05:11:00
60,21,564,1,5.65,CONFIRMED,2015-06-09 18:25:00
61,21,525,1,5.65,CONFIRMED,2015-06-12 10:25:00
62,21,117,1,5.65,CONFIRMED,2015-06-10 09:25:00
63,21,588,1,5.65,CONFIRMED,2015-06-11 08:25:00
64,22,897,2,6.52,CONFIRMED,2015-06-13 17:58:00
65,22,35,2,6.52,CANCELLED,2015-06-13 13:58:00
66,22,462,1,3.26,CONFIRMED,2015-06-12 08:58:00
67,23,171,1,10.39,CANCELLED,2015-06-14 01:24:00
68,23,632,1,10.39,CONFIRMED,2015-06-11 12:24:00
69,23,144,1,10.39,CONFIRMED,2015-06-12 19:24:00
70,23,805,1,10.39,CONFIRMED,2015-06-11 15:24:00
71,24,140,4,72.52,CANCELLED,2015-06-12 23:59:00
72,25,720,1,18.13,CONFIRMED,2015-06-13 01:01:00
73,25,888,1,18.13,CONFIRMED,2015-06-12 16:01:00
74,26,147,1,18.13,CONFIRMED,2015-06-14 11:04:00
75,26,593,1,18.13,CONFIRMED,2015-06-13 09:04:00
76,26,649,1,18.13,CONFIRMED,2015-06-12 06:04:00
77,26,277,1,18.13,CONFIRMED,2015-06-14 09:04:00
78,27,652,1,6.4,CONFIRMED,2015-06-12 19:00:00
79,27,682,1,6.4,PENDING,2015-06-13 18:00:00
80,27,716,1,6.4,CONFIRMED,2015-06-13 09:00:00
81,27,368,1,6.4,CONFIRMED,2015-06-14 05:00:00
82,28,809,1,11.22,CONFIRMED,2015-06-12 12:17:00
83,28,353,1,11.22,CONFIRMED,2015-06-14 02:17:00
84,28,917,1,11.22,CONFIRMED,2015-06-12 16:17:00
85,28,700,1,11.22,PENDING,2015-06-14 06:17:00
86,29,164,2,54.58,CONFIRMED,2015-06-13 09:42:00
87,29,897,2,54.58,CONFIRMED,2015-06-14 10:42:00
88,29,957,1,27.29,CONFIRMED,2015-06-13 16:42:00
89,30,441,1,8.9,CONFIRMED,2015-06-15 08:01:00
90,30,673,1,8.9,CONFIRMED,2015-06-14 16:01:00
91,31,233,1,7.6,CONFIRMED,2015-06-14 19:10:00
92,31,533,2,15.2,CONFIRMED,2015-06-12 21:10:00
93,31,698,1,7.6,CONFIRMED,2015-06-14 23:10:00
94,31,457,3,22.8,CANCELLED,2015-06-14 21:10:00
95,31,10,2,15.2,CONFIRMED,2015-06-13 20:10:00
96,32,393,1,10.31,CONFIRMED,2015-06-14 17:37:00
97,32,794,1,10.31,CONFIRMED,2015-06-15 10:37:00
98,33,452,3,5.4,CONFIRMED,2015-06-14 17:05:00
99,33,361,2,3.6,CONFIRMED,2015-06-13 04:05:00
100,34,224,1,8.5,CONFIRMED,2015-06-13 07:03:00
101,34,90,1,8.5,CONFIRMED,2015-06-14 06:03:00
102,34,920,1,8.5,CONFIRMED,2015-06-14 06:03:00
103,34,104,1,8.5,CONFIRMED,2015-06-15 10:03:00
104,34,145,1,8.5,CONFIRMED,2015-06-12 20:03:00
105,34,772,1,8.5,CONFIRMED,2015-06-14 00:03:00
106,34,128,1,8.5,CONFIRMED,2015-06-14 07:03:00
107,35,397,1,3.15,CONFIRMED,2015-06-15 16:59:00
108,35,117,1,3.15,CANCELLED,2015-06-15 01:59:00
109,35,248,1,3.15,CANCELLED,2015-06-13 12:59:00
110,35,513,1,3.15,CONFIRMED,2015-06-14 19:59:00
111,36,979,1,7.6,CONFIRMED,2015-06-14 18:32:00
112,36,790,1,7.6,CANCELLED,2015-06-13 19:32:00
113,36,76,1,7.6,CONFIRMED,2015-06-13 05:32:00
114,36,18,1,7.6,CONFIRMED,2015-06-13 18:32:00
115,37,657,2,7.3,CONFIRMED,2015-06-14 18:35:00
116,38,525,2,5.18,PENDING,2015-06-15 15:10:00
117,39,402,1,9.73,CONFIRMED,2015-06-14 03:54:00
118,39,602,1,9.73,CONFIRMED,2015-06-15 23:54:00
119,39,651,2,19.46,CONFIRMED,2015-06-16 03:54:00
120,40,684,2,12.06,CONFIRMED,2015-06-16 02:52:00
121,40,761,1,6.03,CONFIRMED,2015-06-14 23:52:00
122,40,675,5,30.15,CONFIRMED,2015-06-15 10:52:00
123,41,382,3,8.22,CONFIRMED,2015-06-16 13:37:00
124,41,131,1,2.74,CONFIRMED,2015-06-14 22:37:00
125,42,538,1,18.64,CONFIRMED,2015-06-14 13:21:00
126,42,67,2,37.28,CONFIRMED,2015-06-16 09:21:00
127,42,271,2,37.28,CONFIRMED,2015-06-16 17:21:00
128,43,235,1,5.11,CONFIRMED,2015-06-17 09:39:00
129,44,49,3,16.32,CONFIRMED,2015-06-16 16:20:00
130,44,485,2,10.88,CANCELLED,2015-06-17 07:20:00
131,45,231,1,2.81,CONFIRMED,2015-06-17 03:32:00
132,45,331,1,2.81,CONFIRMED,2015-06-17 06:32:00
133,45,256,1,2.81,CONFIRMED,2015-06-14 18:32:00
134,45,428,1,2.81,PENDING,2015-06-17 04:32:00
135,46,888,1,33.55,CONFIRMED,2015-06-14 16:38:00
136,46,291,1,33.55,CONFIRMED,2015-06-16 13:38:00
137,46,794,1,33.55,CONFIRMED,2015-06-16 00:38:00
138,46,867,1,33.55,CONFIRMED,2015-06-14 23:38:00
139,47,752,3,96.93,CONFIRMED,2015-06-28 05:42:00
140,47,924,1,32.31,CONFIRMED,2015-06-27 08:42:00
141,48,240,3,31.38,CONFIRMED,2015-07-07 16:48:00
142,49,2,2,21.68,CANCELLED,2015-07-06 08:31:00
143,49,779,1,10.84,CONFIRMED,2015-07-06 17:31:00
144,49,675,2,21.68,CONFIRMED,2015-07-07 16:31:00
145,50,730,1,9.1,CONFIRMED,2015-07-07 18:38:00
146,50,288,4,36.4,CONFIRMED,2015-07-07 00:38:00
147,51,999,1,1.44,CONFIRMED,2015-09-04 12:21:00
148,51,767,1,1.44,CONFIRMED,2015-09-06 07:21:00
149,51,88,1,1.44,CONFIRMED,2015-09-05 22:21:00
150,51,596,1,1.44,CONFIRMED,2015-09-04 22:21:00
151,52,719,1,3.54,CONFIRMED,2015-09-08 07:25:00
152,52,853,1,3.54,CANCELLED,2015-09-08 19:25:00
153,52,755,1,3.54,CONFIRMED,2015-09-08 15:25:00
154,52,336,1,3.54,CONFIRMED,2015-09-07 08:25:00
155,53,550,3,7.05,PENDING,2015-09-08 11:49:00
156,54,317,1,5.91,CONFIRMED,2015-09-09 00:47:00
157,54,476,1,5.91,CONFIRMED,2015-09-08 21:47:00
158,54,273,1,5.91,CONFIRMED,2015-09-09 07:47:00
159,54,874,1,5.91,CONFIRMED,2015-09-10 08:47:00
160,55,308,2,11.82,CANCELLED,2015-09-07 16:50:00
161,55,268,1,5.91,CONFIRMED,2015-09-10 02:50:00
162,55,841,1,5.91,CONFIRMED,2015-09-10 08:50:00
163,55,180,1,5.91,CONFIRMED,2015-09-08 12:50:00
164,55,32,2,11.82,CONFIRMED,2015-09-10 05:50:00
165,55,976,2,11.82,CANCELLED,2015-09-10 06:50:00
166,56,68,2,4.22,CANCELLED,2015-09-09 01:17:00
167,57,96,2,4.36,CONFIRMED,2015-09-08 23:31:00
168,57,928,1,2.18,CONFIRMED,2015-09-09 03:31:00
169,58,510,1,2.55,CONFIRMED,2015-09-10 17:15:00
170,58,31,1,2.55,CONFIRMED,2015-09-09 11:15:00
171,58,393,1,2.55,CONFIRMED,2015-09-10 13:15:00
172,58,701,1,2.55,CONFIRMED,2015-09-08 22:15:00
173,59,64,2,5.32,CONFIRMED,2015-09-09 16:26:00
174,59,91,2,5.32,CONFIRMED,2015-09-09 14:26:00
175,59,288,1,2.66,PENDING,2015-09-10 14:26:00
176,59,394,4,10.64,CONFIRMED,2015-09-09 21:26:00
177,60,936,2,5.26,CONFIRMED,2015-09-11 17:32:00
178,60,581,1,2.63,CONFIRMED,2015-09-11 12:32:00
179,60,516,1,2.63,CANCELLED,2015-09-11 05:32:00
180,61,830,4,9.84,CONFIRMED,2015-09-11 16:03:00
181,62,104,2,7.1,CONFIRMED,2015-09-13 02:03:00
182,62,255,2,7.1,CONFIRMED,2015-09-11 08:03:00
183,63,959,1,3.83,CONFIRMED,2015-09-11 17:42:00
184,63,861,2,7.66,CANCELLED,2015-09-13 06:42:00
185,63,867,2,7.66,CANCELLED,2015-09-12 15:42:00
186,64,858,2,11.8,CONFIRMED,2015-09-12 14:29:00
187,64,831,2,11.8,CONFIRMED,2015-09-13 05:29:00
188,65,618,1,5.9,CONFIRMED,2015-09-13 14:06:00
189,65,226,2,11.8,CANCELLED,2015-09-12 13:06:00
190,66,350,1,14.74,CANCELLED,2015-09-11 23:07:00
191,66,736,1,14.74,CONFIRMED,2015-09-12 22:07:00
192,67,868,3,10.77,CANCELLED,2015-09-14 04:15:00
193,68,723,2,3.98,CONFIRMED,2015-09-14 23:43:00
194,68,966,2,3.98,CONFIRMED,2015-09-15 22:43:00
195,68,680,2,3.98,CONFIRMED,2015-09-14 04:43:00
196,69,326,2,5.12,CONFIRMED,2015-09-15 23:33:00
197,69,180,2,5.12,CONFIRMED,2015-09-15 08:33:00
198,69,726,1,2.56,CONFIRMED,2015-09-16 21:33:00
199,69,993,2,5.12,CANCELLED,2015-09-16 17:33:00
200,69,577,1,2.56,CONFIRMED,2015-09-15 17:33:00
201,69,712,1,2.56,CANCELLED,2015-09-16 03:33:00
202,70,765,3,17.1,PENDING,2015-09-16 14:39:00
203,70,81,1,5.7,CANCELLED,2015-09-15 17:39:00
204,70,245,4,22.8,CONFIRMED,2015-09-16 09:39:00
205,71,711,3,15.57,CONFIRMED,2015-09-17 02:19:00
206,71,71,1,5.19,CONFIRMED,2015-09-15 07:19:00
207,72,994,1,6.26,CANCELLED,2015-09-15 23:22:00
208,72,172,1,6.26,CONFIRMED,2015-09-15 06:22:00
209,72,907,1,6.26,CONFIRMED,2015-09-17 10:22:00
210,72,425,1,6.26,CONFIRMED,2015-09-16 03:22:00
211,73,976,2,5.44,CONFIRMED,2015-09-15 20:33:00
212,73,109,1,2.72,CONFIRMED,2015-09-14 22:33:00
213,73,77,1,2.72,CONFIRMED,2015-09-15 07:33:00
214,74,443,2,2.96,CONFIRMED,2015-09-17 07:07:00
215,75,55,2,2.72,CONFIRMED,2015-09-18 16:20:00
216,75,105,2,2.72,CONFIRMED,2015-09-16 19:20:00
217,76,678,1,4.66,CONFIRMED,2015-09-20 08:06:00
218,76,290,2,9.32,CONFIRMED,2015-09-20 12:06:00
219,76,306,1,4.66,CONFIRMED,2015-09-20 21:06:00
220,77,206,1,1.62,CONFIRMED,2015-09-22 01:56:00
221,77,101,1,1.62,CANCELLED,2015-09-20 20:56:00
222,77,27,1,1.62,CONFIRMED,2015-09-21 02:56:00
223,77,213,1,1.62,CONFIRMED,2015-09-20 10:56:00
224,78,381,2,6.0,CONFIRMED,2015-09-20 11:39:00
225,78,908,1,3.0,CONFIRMED,2015-09-20 09:39:00
226,79,233,1,4.53,CONFIRMED,2015-09-22 21:19:00
227,79,859,1,4.53,CONFIRMED,2015-09-20 12:19:00
228,79,277,2,9.06,PENDING,2015-09-22 04:19:00
229,80,862,4,31.36,CANCELLED,2015-09-21 07:20:00
230,81,705,1,3.95,CONFIRMED,2015-09-22 11:25:00
231,81,889,1,3.95,CONFIRMED,2015-09-21 15:25:00
232,81,960,1,3.95,CONFIRMED,2015-09-20 23:25:00
233,82,125,2,6.0,CONFIRMED,2015-09-22 21:10:00
234,82,974,1,3.0,CANCELLED,2015-09-23 02:10:00
235,83,435,1,15.26,PENDING,2015-09-23 04:42:00
236,84,844,1,1.68,CANCELLED,2015-09-25 01:51:00
237,84,644,2,3.36,CANCELLED,2015-09-26 02:51:00
238,85,399,4,32.04,CONFIRMED,2015-09-25 05:53:00
239,86,941,1,3.59,CONFIRMED,2015-09-26 00:52:00
240,86,896,1,3.59,CONFIRMED,2015-09-26 07:52:00
241,86,13,1,3.59,CONFIRMED,2015-09-26 07:52:00
242,86,807,1,3.59,CANCELLED,2015-09-24 23:52:00
243,87,272,1,2.05,CONFIRMED,2015-09-25 09:19:00
244,87,394,1,2.05,CONFIRMED,2015-09-24 17:19:00
245,87,672,1,2.05,CONFIRMED,2015-09-25 02:19:00
246,87,499,1,2.05,CONFIRMED,2015-09-24 08:19:00
247,88,920,3,8.76,CANCELLED,2015-09-25 07:12:00
248,88,383,3,8.76,CONFIRMED,2015-09-24 07:12:00
249,88,22,1,2.92,PENDING,2015-09-25 16:12:00
250,89,309,3,11.73,CONFIRMED,2015-09-25 15:07:00
251,89,999,2,7.82,CONFIRMED,2015-09-26 21:07:00
252,90,454,2,8.98,CONFIRMED,2015-09-24 14:58:00
253,90,218,2,8.98,CANCELLED,2015-09-24 15:58:00
254,91,68,3,7.5,CONFIRMED,2015-09-26 21:42:00
255,91,320,3,7.5,CANCELLED,2015-09-27 11:42:00
256,92,199,1,2.58,CANCELLED,2015-09-26 10:39:00
257,92,898,1,2.58,CONFIRMED,2015-09-25 19:39:00
258,93,282,2,3.22,CONFIRMED,2015-09-27 16:46:00
259,93,379,3,4.83,CONFIRMED,2015-09-26 08:46:00
260,94,610,1,2.32,PENDING,2015-09-25 20:27:00
261,94,458,2,4.64,CONFIRMED,2015-09-26 23:27:00
262,95,852,1,1.58,CONFIRMED,2015-09-27 18:40:00
263,95,707,1,1.58,CONFIRMED,2015-09-27 19:40:00
264,95,94,2,3.16,CONFIRMED,2015-09-26 04:40:00
265,95,293,1,1.58,CANCELLED,2015-09-28 20:40:00
266,95,29,2,3.16,CANCELLED,2015-09-27 23:40:00
267,95,397,1,1.58,CONFIRMED,2015-09-27 06:40:00
268,96,435,2,10.78,CONFIRMED,2015-09-28 05:35:00
269,96,918,2,10.78,CONFIRMED,2015-09-26 14:35:00
270,96,387,2,10.78,CONFIRMED,2015-09-29 08:35:00
271,97,576,2,9.58,CONFIRMED,2015-09-28 20:33:00
272,97,664,2,9.58,CONFIRMED,2015-09-27 22:33:00
273,97,610,2,9.58,CANCELLED,2015-09-28 00:33:00
274,98,194,1,3.25,CANCELLED,2015-09-27 09:08:00
275,98,155,2,6.5,CONFIRMED,2015-09-29 09:08:00
276,98,531,2,6.5,PENDING,2015-09-28 03:08:00
277,99,416,1,3.65,CONFIRMED,2015-09-28 10:11:00
278,99,399,1,3.65,CANCELLED,2015-09-27 17:11:00
279,99,756,1,3.65,CANCELLED,2015-09-26 15:11:00
280,99,37,1,3.65,CONFIRMED,2015-09-27 02:11:00
281,100,760,3,5.16,CANCELLED,2015-09-28 16:24:00
282,100,266,3,5.16,CANCELLED,2015-09-29 04:24:00
283,101,365,1,4.41,CONFIRMED,2015-09-29 00:24:00
284,102,809,1,3.01,CONFIRMED,2015-09-28 07:36:00
285,102,910,1,3.01,CONFIRMED,2015-09-30 09:36:00
286,102,341,1,3.01,CANCELLED,2015-09-28 02:36:00
287,102,382,1,3.01,CANCELLED,2015-09-28 18:36:00
288,103,307,1,6.1,CONFIRMED,2015-09-30 11:58:00
289,103,425,1,6.1,CONFIRMED,2015-09-29 02:58:00
290,103,56,1,6.1,CONFIRMED,2015-09-30 13:58:00
291,104,501,2,2.46,CONFIRMED,2015-09-30 17:44:00
292,105,651,2,14.74,CONFIRMED,2015-09-30 20:10:00
293,105,60,1,7.37,CONFIRMED,2015-10-01 06:10:00
294,105,5,1,7.37,CONFIRMED,2015-09-29 11:10:00
295,106,441,2,10.96,CONFIRMED,2015-10-02 06:16:00
296,106,990,1,5.48,CONFIRMED,2015-10-02 09:16:00
297,107,777,1,15.43,CONFIRMED,2015-10-05 12:59:00
298,107,855,1,15.43,CONFIRMED,2015-10-03 16:59:00
299,107,545,2,30.86,CONFIRMED,2015-10-03 11:59:00
300,108,604,1,16.0,CONFIRMED,2015-10-18 15:53:00
301,108,315,2,32.0,CONFIRMED,2015-10-17 09:53:00
302,108,173,2,32.0,CONFIRMED,2015-10-19 11:53:00
303,108,67,2,32.0,PENDING,2015-10-17 14:53:00
304,108,845,2,32.0,CONFIRMED,2015-10-19 07:53:00
305,109,20,1,16.0,CONFIRMED,2015-10-20 05:56:00
306,109,235,3,48.0,CONFIRMED,2015-10-19 16:56:00
307,109,231,2,32.0,CONFIRMED,2015-10-20 03:56:00
308,109,746,2,32.0,CANCELLED,2015-10-18 23:56:00
309,110,610,1,16.18,CONFIRMED,2015-10-25 17:24:00
310,111,708,1,4.74,CONFIRMED,2015-10-24 10:53:00
311,112,562,3,15.12,CONFIRMED,2015-10-27 18:10:00
312,113,713,3,6.51,CONFIRMED,2015-10-28 03:21:00
313,113,704,3,6.51,CONFIRMED,2015-10-27 14:21:00
314,114,639,1,3.36,CONFIRMED,2015-10-30 00:32:00
315,114,622,1,3.36,CONFIRMED,2015-10-30 00:32:00
316,114,719,2,6.72,CONFIRMED,2015-10-29 12:32:00
317,115,853,1,2.5,CONFIRMED,2015-11-04 09:05:00
318,115,537,2,5.0,CONFIRMED,2015-11-03 15:05:00
319,116,934,1,2.26,CONFIRMED,2015-11-09 16:54:00
320,116,214,1,2.26,CONFIRMED,2015-11-09 02:54:00
321,116,706,1,2.26,CONFIRMED,2015-11-09 05:54:00
322,116,957,1,2.26,CONFIRMED,2015-11-09 04:54:00
323,117,661,3,16.83,CONFIRMED,2015-11-13 11:32:00
324,117,238,1,5.61,CANCELLED,2015-11-13 12:32:00
325,117,469,3,16.83,CONFIRMED,2015-11-12 01:32:00
326,118,758,1,10.17,CONFIRMED,2015-11-25 22:21:00
327,118,120,1,10.17,CONFIRMED,2015-11-24 07:21:00
328,118,98,1,10.17,CANCELLED,2015-11-26 04:21:00
329,118,873,1,10.17,CANCELLED,2015-11-25 16:21:00
330,119,412,4,20.8,PENDING,2015-11-27 10:52:00
331,120,708,1,5.01,CONFIRMED,2015-11-30 18:53:00
332,120,873,1,5.01,CONFIRMED,2015-12-01 08:53:00
333,120,491,1,5.01,CONFIRMED,2015-11-29 02:53:00
334,120,821,1,5.01,CONFIRMED,2015-11-29 15:53:00
335,121,628,1,2.11,CONFIRMED,2015-11-30 02:36:00
336,121,30,1,2.11,CANCELLED,2015-11-30 08:36:00
337,121,885,1,2.11,CONFIRMED,2015-12-01 00:36:00
338,122,723,2,42.46,PENDING,2015-12-24 16:52:00
339,123,445,2,2.8,CONFIRMED,2015-12-24 13:00:00
340,124,861,3,16.62,CANCELLED,2015-12-28 22:13:00
341,125,660,2,5.34,CONFIRMED,2015-12-27 10:28:00
342,126,892,1,1.99,CONFIRMED,2015-12-29 03:46:00
343,126,171,1,1.99,CONFIRMED,2015-12-29 17:46:00
344,126,77,1,1.99,CONFIRMED,2015-12-29 15:46:00
345,126,771,1,1.99,CONFIRMED,2015-12-28 12:46:00
346,127,879,4,133.08,CONFIRMED,2016-01-01 05:11:00
347,128,765,1,17.25,CONFIRMED,2015-12-30 01:25:00
348,128,671,1,17.25,CANCELLED,2015-12-31 10:25:00
349,128,19,1,17.25,CONFIRMED,2015-12-30 14:25:00
350,128,106,1,17.25,CONFIRMED,2016-01-01 18:25:00
351,129,866,2,4.38,CONFIRMED,2015-12-30 19:23:00
352,129,467,3,6.57,CONFIRMED,2015-12-30 22:23:00
353,130,100,2,9.14,CONFIRMED,2015-12-31 22:25:00
354,131,989,1,13.72,CONFIRMED,2016-01-04 01:33:00
355,131,821,1,13.72,CONFIRMED,2016-01-02 02:33:00
356,131,300,1,13.72,CONFIRMED,2016-01-03 05:33:00
357,132,124,4,70.36,CONFIRMED,2016-01-04 16:31:00
358,132,954,3,52.77,CONFIRMED,2016-01-03 11:31:00
359,133,950,1,28.97,CONFIRMED,2016-01-04 04:42:00
360,134,676,1,4.0,PENDING,2016-01-06 16:15:00
361,134,604,1,4.0,CONFIRMED,2016-01-04 09:15:00
362,134,981,1,4.0,CANCELLED,2016-01-05 18:15:00
363,134,517,1,4.0,CONFIRMED,2016-01-06 00:15:00
364,135,398,6,137.52,CONFIRMED,2016-01-04 23:30:00
365,136,430,1,19.73,CONFIRMED,2016-01-05 17:27:00
366,136,625,1,19.73,CONFIRMED,2016-01-06 19:27:00
367,136,939,1,19.73,CONFIRMED,2016-01-04 19:27:00
368,136,711,1,19.73,CANCELLED,2016-01-04 14:27:00
369,137,730,1,27.27,CONFIRMED,2016-01-08 18:05:00
370,137,756,2,54.54,CANCELLED,2016-01-09 15:05:00
371,137,959,1,27.27,CONFIRMED,2016-01-08 14:05:00
372,138,781,3,62.1,CONFIRMED,2016-01-08 06:17:00
373,139,899,1,15.42,CONFIRMED,2016-01-10 11:08:00
374,139,868,2,30.84,CONFIRMED,2016-01-10 07:08:00
375,139,433,1,15.42,CONFIRMED,2016-01-09 18:08:00
376,140,701,1,10.83,CONFIRMED,2016-01-09 04:18:00
377,140,258,1,10.83,CONFIRMED,2016-01-10 13:18:00
378,140,150,2,21.66,CANCELLED,2016-01-10 04:18:00
379,141,890,1,5.01,CONFIRMED,2016-01-07 19:12:00
380,141,692,2,10.02,CONFIRMED,2016-01-09 06:12:00
381,141,758,1,5.01,CANCELLED,2016-01-08 17:12:00
382,141,576,2,10.02,PENDING,2016-01-09 02:12:00
383,141,887,1,5.01,CONFIRMED,2016-01-09 10:12:00
384,142,637,4,66.24,CANCELLED,2016-01-09 08:55:00
385,142,891,5,82.8,CONFIRMED,2016-01-10 06:55:00
386,143,302,1,13.47,PENDING,2016-01-11 01:56:00
387,143,460,1,13.47,PENDING,2016-01-08 17:56:00
388,144,388,1,31.16,CONFIRMED,2016-01-08 13:32:00
389,145,134,2,20.22,CONFIRMED,2016-01-09 02:30:00
390,145,165,1,10.11,CONFIRMED,2016-01-09 20:30:00
391,145,600,1,10.11,CONFIRMED,2016-01-09 23:30:00
392,146,810,1,17.56,CONFIRMED,2016-01-10 19:33:00
393,146,588,1,17.56,PENDING,2016-01-09 17:33:00
394,146,565,1,17.56,CONFIRMED,2016-01-11 15:33:00
395,146,368,1,17.56,CONFIRMED,2016-01-10 08:33:00
396,147,359,2,8.0,CANCELLED,2016-01-10 17:53:00
397,148,371,2,23.68,PENDING,2016-01-12 12:42:00
398,148,302,1,11.84,CONFIRMED,2016-01-10 04:42:00
399,148,225,1,11.84,CANCELLED,2016-01-11 06:42:00
400,149,700,3,51.27,CONFIRMED,2016-01-12 00:13:00
401,150,263,1,21.59,CANCELLED,2016-01-10 15:42:00
402,150,554,1,21.59,CONFIRMED,2016-01-11 01:42:00
403,150,742,1,21.59,CONFIRMED,2016-01-12 04:42:00
404,150,290,1,21.59,CONFIRMED,2016-01-09 18:42:00
405,151,8,1,26.58,CANCELLED,2016-01-10 09:02:00
406,151,643,1,26.58,CONFIRMED,2016-01-10 08:02:00
407,151,68,1,26.58,CONFIRMED,2016-01-11 20:02:00
408,151,216,1,26.58,CONFIRMED,2016-01-10 21:02:00
409,151,688,1,26.58,CONFIRMED,2016-01-12 09:02:00
410,152,815,3,8.64,CONFIRMED,2016-01-15 13:31:00
411,152,259,2,5.76,CONFIRMED,2016-01-14 09:31:00
412,153,445,1,1.49,CONFIRMED,2016-01-18 03:55:00
413,153,325,1,1.49,CONFIRMED,2016-01-18 02:55:00
414,153,18,1,1.49,CANCELLED,2016-01-17 22:55:00
415,153,400,1,1.49,CONFIRMED,2016-01-16 21:55:00
416,154,89,1,1.39,CONFIRMED,2016-01-18 15:26:00
417,154,290,1,1.39,CONFIRMED,2016-01-17 14:26:00
418,154,785,1,1.39,CONFIRMED,2016-01-15 21:26:00
419,155,985,2,9.16,CONFIRMED,2016-01-25 12:11:00
420,155,651,1,4.58,CONFIRMED,2016-01-24 12:11:00
421,155,149,1,4.58,CONFIRMED,2016-01-27 11:11:00
422,156,611,1,18.93,CONFIRMED,2016-01-30 13:35:00
423,156,404,1,18.93,CONFIRMED,2016-01-29 16:35:00
424,156,551,1,18.93,CONFIRMED,2016-01-31 05:35:00
425,156,561,3,56.79,CANCELLED,2016-01-31 09:35:00
426,156,971,1,18.93,CONFIRMED,2016-02-01 03:35:00
427,157,662,1,9.4,CONFIRMED,2016-01-31 10:10:00
428,157,564,1,9.4,PENDING,2016-01-30 14:10:00
429,157,75,1,9.4,CONFIRMED,2016-01-31 05:10:00
430,157,299,1,9.4,CONFIRMED,2016-02-01 03:10:00
431,158,326,2,48.14,CONFIRMED,2016-01-30 20:56:00
432,158,498,3,72.21,CONFIRMED,2016-01-30 13:56:00
433,159,983,1,15.7,CONFIRMED,2016-02-01 08:04:00
434,159,439,2,31.4,CONFIRMED,2016-01-31 14:04:00
435,159,173,1,15.7,CONFIRMED,2016-01-31 18:04:00
436,160,474,1,20.6,CONFIRMED,2016-02-01 23:51:00
437,160,457,1,20.6,CONFIRMED,2016-02-02 02:51:00
438,160,368,1,20.6,CANCELLED,2016-02-01 19:51:00
439,160,794,1,20.6,CONFIRMED,2016-02-02 03:51:00
440,161,915,1,25.19,CANCELLED,2016-02-02 10:38:00
441,162,593,1,19.87,CONFIRMED,2016-02-01 10:40:00
442,162,415,2,39.74,CONFIRMED,2016-02-03 12:40:00
443,162,788,2,39.74,CONFIRMED,2016-02-02 18:40:00
444,162,605,1,19.87,CONFIRMED,2016-02-01 14:40:00
445,162,218,1,19.87,CONFIRMED,2016-02-01 15:40:00
446,163,680,2,34.58,CANCELLED,2016-02-03 11:37:00
447,164,528,1,32.22,CONFIRMED,2016-02-01 20:26:00
448,164,145,1,32.22,CONFIRMED,2016-02-01 19:26:00
449,164,458,1,32.22,CONFIRMED,2016-02-02 10:26:00
450,164,165,1,32.22,CONFIRMED,2016-02-03 07:26:00
451,164,185,1,32.22,CONFIRMED,2016-02-01 23:26:00
452,164,581,1,32.22,CONFIRMED,2016-02-02 16:26:00
453,164,973,1,32.22,CONFIRMED,2016-02-01 15:26:00
454,165,856,1,16.95,CONFIRMED,2016-02-02 14:59:00
455,165,761,2,33.9,CONFIRMED,2016-02-04 05:59:00
456,165,270,2,33.9,CONFIRMED,2016-02-03 10:59:00
457,166,416,2,25.26,CONFIRMED,2016-02-04 15:35:00
458,166,362,3,37.89,CANCELLED,2016-02-02 07:35:00
459,166,837,1,12.63,CONFIRMED,2016-02-01 22:35:00
460,166,890,3,37.89,CONFIRMED,2016-02-03 20:35:00
461,166,354,1,12.63,CONFIRMED,2016-02-04 00:35:00
462,167,236,1,15.9,CONFIRMED,2016-02-02 04:04:00
463,167,425,1,15.9,CONFIRMED,2016-02-02 13:04:00
464,167,832,1,15.9,CONFIRMED,2016-02-04 01:04:00
465,167,339,1,15.9,CONFIRMED,2016-02-02 00:04:00
466,167,738,1,15.9,CANCELLED,2016-02-03 23:04:00
467,167,117,1,15.9,CONFIRMED,2016-02-03 18:04:00
468,168,615,1,26.86,CANCELLED,2016-02-03 07:36:00
469,168,994,1,26.86,CONFIRMED,2016-02-02 07:36:00
470,168,579,1,26.86,CONFIRMED,2016-02-02 15:36:00
471,168,654,1,26.86,CONFIRMED,2016-02-03 20:36:00
472,169,172,2,31.9,CANCELLED,2016-02-05 02:47:00
473,169,743,1,15.95,CONFIRMED,2016-02-04 18:47:00
474,169,704,1,15.95,CONFIRMED,2016-02-02 16:47:00
475,170,702,1,19.16,CONFIRMED,2016-02-05 08:22:00
476,170,431,1,19.16,CONFIRMED,2016-02-04 20:22:00
477,170,848,1,19.16,CANCELLED,2016-02-03 05:22:00
478,170,155,2,38.32,CONFIRMED,2016-02-05 07:22:00
479,170,622,2,38.32,CONFIRMED,2016-02-02 23:22:00
480,171,359,1,24.57,CONFIRMED,2016-02-05 07:20:00
481,171,605,1,24.57,CONFIRMED,2016-02-06 05:20:00
482,171,825,1,24.57,CONFIRMED,2016-02-03 18:20:00
483,171,761,1,24.57,CONFIRMED,2016-02-06 15:20:00
484,172,592,1,10.9,CONFIRMED,2016-02-04 17:57:00
485,173,706,2,8.0,CONFIRMED,2016-02-06 05:28:00
486,173,825,1,4.0,CONFIRMED,2016-02-05 10:28:00
487,174,876,3,52.2,CONFIRMED,2016-02-05 13:49:00
488,174,549,2,34.8,CONFIRMED,2016-02-04 16:49:00
489,174,434,4,69.6,CONFIRMED,2016-02-04 16:49:00
490,175,260,1,16.84,CONFIRMED,2016-02-07 02:03:00
491,175,315,1,16.84,CONFIRMED,2016-02-06 21:03:00
492,175,593,1,16.84,CONFIRMED,2016-02-05 14:03:00
493,175,354,1,16.84,CANCELLED,2016-02-07 11:03:00
494,176,399,1,10.14,CANCELLED,2016-02-06 23:39:00
495,176,989,4,40.56,CANCELLED,2016-02-05 10:39:00
496,177,66,3,65.91,CONFIRMED,2016-02-07 09:22:00
497,178,39,2,39.72,CONFIRMED,2016-02-08 04:57:00
498,178,743,1,19.86,CONFIRMED,2016-02-06 03:57:00
499,178,394,1,19.86,CONFIRMED,2016-02-05 17:57:00
500,178,955,2,39.72,CONFIRMED,2016-02-05 18:57:00
501,178,411,1,19.86,CONFIRMED,2016-02-08 07:57:00
502,179,245,1,7.04,CONFIRMED,2016-02-07 02:00:00
503,179,672,2,14.08,CONFIRMED,2016-02-06 11:00:00
504,179,1,2,14.08,CONFIRMED,2016-02-05 19:00:00
505,180,756,1,19.15,CANCELLED,2016-02-06 11:54:00
506,181,745,2,26.86,CONFIRMED,2016-02-07 23:43:00
507,181,851,1,13.43,CONFIRMED,2016-02-08 10:43:00
508,181,573,2,26.86,CANCELLED,2016-02-09 10:43:00
509,182,180,1,4.0,CONFIRMED,2016-02-06 20:36:00
510,182,417,2,8.0,CONFIRMED,2016-02-08 22:36:00
511,182,520,2,8.0,CANCELLED,2016-02-08 04:36:00
512,183,991,1,18.62,CONFIRMED,2016-02-07 02:58:00
513,183,388,1,18.62,CANCELLED,2016-02-09 09:58:00
514,183,578,1,18.62,CONFIRMED,2016-02-09 04:58:00
515,183,497,1,18.62,CONFIRMED,2016-02-08 08:58:00
516,184,821,4,58.56,PENDING,2016-02-06 23:55:00
517,184,325,1,14.64,CONFIRMED,2016-02-08 08:55:00
518,185,295,1,9.04,CONFIRMED,2016-02-08 00:24:00
519,186,569,2,38.36,CONFIRMED,2016-02-09 18:28:00
520,187,916,2,37.8,CONFIRMED,2016-02-10 16:49:00
521,187,588,2,37.8,CONFIRMED,2016-02-10 10:49:00
522,188,895,1,10.38,CONFIRMED,2016-02-10 10:24:00
523,188,272,3,31.14,CONFIRMED,2016-02-11 04:24:00
524,189,944,1,18.2,CONFIRMED,2016-02-09 04:36:00
525,190,783,1,23.12,CANCELLED,2016-02-10 08:21:00
526,191,323,2,18.6,CONFIRMED,2016-02-09 16:45:00
527,191,505,2,18.6,CONFIRMED,2016-02-11 17:45:00
528,191,920,1,9.3,CONFIRMED,2016-02-10 03:45:00
529,191,903,2,18.6,CANCELLED,2016-02-12 05:45:00
530,191,919,2,18.6,CONFIRMED,2016-02-11 11:45:00
531,192,124,1,18.05,CONFIRMED,2016-02-12 09:14:00
532,192,717,1,18.05,CONFIRMED,2016-02-11 22:14:00
533,192,531,1,18.05,CONFIRMED,2016-02-11 01:14:00
534,192,472,1,18.05,CONFIRMED,2016-02-11 04:14:00
535,193,484,2,30.04,CONFIRMED,2016-02-09 21:02:00
536,193,983,2,30.04,CONFIRMED,2016-02-10 13:02:00
537,193,629,2,30.04,CANCELLED,2016-02-11 01:02:00
538,194,185,2,66.26,CANCELLED,2016-02-11 03:49:00
539,194,586,2,66.26,CONFIRMED,2016-02-10 13:49:00
540,194,135,2,66.26,CONFIRMED,2016-02-11 18:49:00
541,194,590,4,132.52,CANCELLED,2016-02-11 15:49:00
542,195,512,1,4.0,CONFIRMED,2016-02-11 00:33:00
543,195,138,1,4.0,CONFIRMED,2016-02-12 08:33:00
544,195,916,1,4.0,CONFIRMED,2016-02-11 18:33:00
545,195,871,1,4.0,CONFIRMED,2016-02-11 06:33:00
546,196,861,1,4.7,CONFIRMED,2016-02-20 17:07:00
547,196,646,1,4.7,CONFIRMED,2016-02-20 11:07:00
548,196,99,1,4.7,CONFIRMED,2016-02-21 14:07:00
549,196,462,1,4.7,PENDING,2016-02-21 03:07:00
550,197,334,2,2.5,CONFIRMED,2016-02-23 06:13:00
551,197,691,1,1.25,CONFIRMED,2016-02-24 03:13:00
552,198,648,1,4.59,CONFIRMED,2016-02-28 01:23:00
553,198,981,1,4.59,CONFIRMED,2016-02-27 17:23:00
554,198,150,1,4.59,CONFIRMED,2016-02-28 01:23:00
555,198,891,1,4.59,CONFIRMED,2016-02-28 07:23:00
556,199,621,2,60.42,CANCELLED,2016-02-28 19:47:00
557,199,662,2,60.42,CONFIRMED,2016-02-29 18:47:00
558,199,405,1,30.21,CONFIRMED,2016-02-29 11:47:00
559,200,965,1,14.93,CONFIRMED,2016-02-28 18:27:00
560,200,762,1,14.93,CONFIRMED,2016-02-28 08:27:00
561,200,718,1,14.93,CONFIRMED,2016-02-28 18:27:00
562,201,107,3,98.79,CONFIRMED,2016-03-02 22:45:00
563,202,318,1,11.46,CONFIRMED,2016-03-02 18:04:00
564,202,235,1,11.46,CONFIRMED,2016-03-02 13:04:00
565,202,255,1,11.46,CONFIRMED,2016-03-01 13:04:00
566,202,757,1,11.46,CANCELLED,2016-02-29 23:04:00
567,203,563,1,17.8,CONFIRMED,2016-03-01 03:44:00
568,203,457,2,35.6,CONFIRMED,2016-02-29 17:44:00
569,203,139,2,35.6,CANCELLED,2016-03-01 00:44:00
570,204,826,2,22.14,CONFIRMED,2016-03-01 10:27:00
571,204,92,2,22.14,CONFIRMED,2016-03-03 13:27:00
572,205,537,2,18.94,CONFIRMED,2016-03-01 03:02:00
573,206,9,2,31.0,CONFIRMED,2016-03-01 23:47:00
574,206,706,2,31.0,CONFIRMED,2016-03-04 06:47:00
575,206,946,2,31.0,CONFIRMED,2016-03-01 07:47:00
576,206,504,2,31.0,CONFIRMED,2016-03-03 10:47:00
577,206,971,2,31.0,CANCELLED,2016-03-03 02:47:00
578,207,83,1,12.74,CONFIRMED,2016-03-02 22:46:00
579,207,434,2,25.48,CONFIRMED,2016-03-01 12:46:00
580,207,642,2,25.48,CONFIRMED,2016-03-04 00:46:00
581,208,140,1,16.62,CONFIRMED,2016-03-02 01:46:00
582,208,297,3,49.86,CONFIRMED,2016-03-01 20:46:00
583,209,329,1,4.0,CONFIRMED,2016-03-01 16:03:00
584,209,20,1,4.0,CONFIRMED,2016-03-03 23:03:00
585,210,276,2,62.04,CONFIRMED,2016-03-03 07:40:00
586,210,129,1,31.02,CONFIRMED,2016-03-01 21:40:00
587,210,734,1,31.02,CONFIRMED,2016-03-02 21:40:00
588,211,381,1,13.66,CONFIRMED,2016-03-03 20:56:00
589,211,475,1,13.66,CONFIRMED,2016-03-02 12:56:00
590,211,714,1,13.66,CONFIRMED,2016-03-03 15:56:00
591,211,812,1,13.66,CANCELLED,2016-03-03 06:56:00
592,212,850,1,28.94,CONFIRMED,2016-03-02 07:16:00
593,212,13,1,28.94,CONFIRMED,2016-03-04 11:16:00
594,212,125,1,28.94,CONFIRMED,2016-03-04 03:16:00
595,212,999,1,28.94,CONFIRMED,2016-03-03 00:16:00
596,213,163,1,6.94,CONFIRMED,2016-03-01 17:43:00
597,213,646,1,6.94,CONFIRMED,2016-03-03 01:43:00
598,213,747,1,6.94,CONFIRMED,2016-03-04 09:43:00
599,214,684,1,17.34,CONFIRMED,2016-03-03 07:02:00
600,214,224,1,17.34,CONFIRMED,2016-03-03 11:02:00
601,214,998,1,17.34,PENDING,2016-03-02 06:02:00
602,214,116,1,17.34,CONFIRMED,2016-03-04 07:02:00
603,214,242,1,17.34,CONFIRMED,2016-03-04 07:02:00
604,214,650,1,17.34,CANCELLED,2016-03-04 11:02:00
605,214,446,1,17.34,CONFIRMED,2016-03-03 23:02:00
606,215,129,4,161.28,CONFIRMED,2016-03-01 19:16:00
607,216,826,1,8.04,CONFIRMED,2016-03-03 10:44:00
608,216,915,2,16.08,CONFIRMED,2016-03-04 02:44:00
609,216,451,1,8.04,CONFIRMED,2016-03-03 02:44:00
610,217,557,1,4.0,CONFIRMED,2016-03-02 14:57:00
611,217,715,2,8.0,CONFIRMED,2016-03-03 00:57:00
612,217,503,2,8.0,CANCELLED,2016-03-02 13:57:00
613,218,71,1,10.63,CONFIRMED,2016-03-04 04:08:00
614,218,545,3,31.89,CONFIRMED,2016-03-05 13:08:00
615,219,753,1,18.78,CONFIRMED,2016-03-04 07:39:00
616,219,190,1,18.78,CONFIRMED,2016-03-02 17:39:00
617,219,906,1,18.78,CONFIRMED,2016-03-02 22:39:00
618,219,20,1,18.78,CONFIRMED,2016-03-03 20:39:00
619,220,658,1,4.93,CONFIRMED,2016-03-04 22:14:00
620,220,331,1,4.93,CANCELLED,2016-03-04 13:14:00
621,220,114,1,4.93,CONFIRMED,2016-03-05 02:14:00
622,220,99,1,4.93,CONFIRMED,2016-03-03 13:14:00
623,221,539,1,25.32,CONFIRMED,2016-03-04 11:52:00
624,221,640,1,25.32,CONFIRMED,2016-03-04 13:52:00
625,221,720,1,25.32,CANCELLED,2016-03-05 05:52:00
626,221,606,1,25.32,CANCELLED,2016-03-05 08:52:00
627,222,573,2,25.88,CANCELLED,2016-03-05 09:23:00
628,222,763,2,25.88,CONFIRMED,2016-03-05 07:23:00
629,222,962,2,25.88,CONFIRMED,2016-03-04 13:23:00
630,223,100,1,4.0,CONFIRMED,2016-03-04 13:10:00
631,223,104,1,4.0,CONFIRMED,2016-03-06 10:10:00
632,223,744,1,4.0,CONFIRMED,2016-03-05 11:10:00
633,223,238,1,4.0,CONFIRMED,2016-03-05 02:10:00
634,223,546,1,4.0,CONFIRMED,2016-03-06 09:10:00
635,224,517,1,11.52,CANCELLED,2016-03-05 16:23:00
636,224,346,1,11.52,CANCELLED,2016-03-05 04:23:00
637,224,674,1,11.52,CANCELLED,2016-03-05 15:23:00
638,224,162,1,11.52,CONFIRMED,2016-03-06 05:23:00
639,225,785,1,24.92,CONFIRMED,2016-03-05 02:10:00
640,225,564,1,24.92,PENDING,2016-03-07 11:10:00
641,225,950,1,24.92,PENDING,2016-03-07 09:10:00
642,225,763,1,24.92,PENDING,2016-03-05 21:10:00
643,226,308,2,37.46,CONFIRMED,2016-03-05 20:57:00
644,227,792,3,12.0,CANCELLED,2016-03-04 21:19:00
645,228,97,2,29.44,CONFIRMED,2016-03-07 20:38:00
646,228,39,2,29.44,CONFIRMED,2016-03-07 06:38:00
647,229,263,2,52.38,CONFIRMED,2016-03-06 11:35:00
648,229,831,3,78.57,CANCELLED,2016-03-08 05:35:00
649,230,812,2,64.02,CANCELLED,2016-03-08 03:13:00
650,230,495,2,64.02,CONFIRMED,2016-03-06 15:13:00
651,230,178,1,32.01,CONFIRMED,2016-03-06 21:13:00
652,231,902,2,38.98,CANCELLED,2016-03-09 11:36:00
653,231,838,1,19.49,CONFIRMED,2016-03-10 01:36:00
654,231,445,2,38.98,CONFIRMED,2016-03-07 07:36:00
655,232,327,2,34.94,CONFIRMED,2016-03-09 05:08:00
656,233,52,4,20.32,PENDING,2016-03-07 21:39:00
657,233,691,1,5.08,CONFIRMED,2016-03-09 00:39:00
658,234,405,1,8.25,CONFIRMED,2016-03-09 06:18:00
659,234,152,1,8.25,CONFIRMED,2016-03-08 08:18:00
660,234,136,1,8.25,CONFIRMED,2016-03-08 02:18:00
661,234,346,1,8.25,CONFIRMED,2016-03-09 14:18:00
662,234,85,1,8.25,CONFIRMED,2016-03-09 05:18:00
663,234,489,1,8.25,CONFIRMED,2016-03-10 04:18:00
664,234,587,1,8.25,CONFIRMED,2016-03-08 09:18:00
665,235,358,2,30.76,CONFIRMED,2016-03-11 05:47:00
666,235,197,2,30.76,CONFIRMED,2016-03-09 12:47:00
667,235,330,3,46.14,CANCELLED,2016-03-09 00:47:00
668,236,453,1,19.03,CONFIRMED,2016-03-09 10:29:00
669,236,46,1,19.03,CONFIRMED,2016-03-10 23:29:00
670,237,759,1,19.64,CONFIRMED,2016-03-10 16:57:00
671,238,15,1,11.17,CONFIRMED,2016-03-09 00:43:00
672,238,353,1,11.17,CONFIRMED,2016-03-08 16:43:00
673,238,712,2,22.34,CONFIRMED,2016-03-08 18:43:00
674,239,563,1,5.78,CONFIRMED,2016-03-11 16:21:00
675,239,496,2,11.56,CONFIRMED,2016-03-08 23:21:00
676,239,639,1,5.78,CONFIRMED,2016-03-11 11:21:00
677,240,206,2,17.56,CONFIRMED,2016-03-12 07:13:00
678,240,810,1,8.78,CONFIRMED,2016-03-10 22:13:00
679,240,715,2,17.56,CANCELLED,2016-03-12 06:13:00
680,241,890,2,11.48,CONFIRMED,2016-03-10 17:27:00
681,241,906,1,5.74,CANCELLED,2016-03-10 03:27:00
682,241,666,1,5.74,CONFIRMED,2016-03-10 01:27:00
683,242,576,1,2.16,CONFIRMED,2016-03-11 21:16:00
684,242,950,2,4.32,CONFIRMED,2016-03-12 14:16:00
685,243,162,1,3.0,CONFIRMED,2016-03-15 20:38:00
686,243,19,1,3.0,PENDING,2016-03-14 18:38:00
687,243,357,1,3.0,CANCELLED,2016-03-16 02:38:00
688,244,913,1,1.86,CONFIRMED,2016-03-19 12:36:00
689,244,836,1,1.86,CONFIRMED,2016-03-20 20:36:00
690,244,31,1,1.86,CONFIRMED,2016-03-20 02:36:00
691,244,968,1,1.86,CONFIRMED,2016-03-20 12:36:00
692,245,995,3,10.02,CONFIRMED,2016-03-25 01:23:00
693,245,321,2,6.68,CONFIRMED,2016-03-22 20:23:00
694,245,933,2,6.68,CANCELLED,2016-03-24 02:23:00
695,245,621,2,6.68,CONFIRMED,2016-03-24 23:23:00
696,246,327,3,8.49,CONFIRMED,2016-03-25 03:13:00
697,246,70,1,2.83,CONFIRMED,2016-03-25 00:13:00
698,247,784,3,46.71,CANCELLED,2016-03-30 08:43:00
699,248,311,3,69.03,CANCELLED,2016-03-31 02:36:00
700,248,454,1,23.01,CONFIRMED,2016-04-01 00:36:00
701,248,764,1,23.01,CONFIRMED,2016-03-31 03:36:00
702,248,958,3,69.03,CONFIRMED,2016-03-31 08:36:00
703,249,237,1,11.81,CONFIRMED,2016-03-30 02:01:00
704,249,705,1,11.81,CONFIRMED,2016-03-30 03:01:00
705,250,189,2,18.08,CONFIRMED,2016-03-31 19:52:00
706,250,874,1,9.04,CONFIRMED,2016-03-30 11:52:00
707,250,397,1,9.04,CANCELLED,2016-03-30 11:52:00
708,251,762,1,9.6,CONFIRMED,2016-04-01 23:48:00
709,251,689,1,9.6,CANCELLED,2016-03-30 23:48:00
710,252,502,1,27.22,CONFIRMED,2016-04-02 05:01:00
711,252,705,1,27.22,CONFIRMED,2016-03-31 08:01:00
712,252,333,1,27.22,CONFIRMED,2016-03-31 01:01:00
713,252,889,1,27.22,CANCELLED,2016-04-02 05:01:00
714,252,469,1,27.22,CONFIRMED,2016-03-31 08:01:00
715,253,572,4,91.8,CONFIRMED,2016-04-02 05:21:00
716,254,299,2,37.8,CANCELLED,2016-04-01 03:57:00
717,254,451,2,37.8,CONFIRMED,2016-04-01 02:57:00
718,255,943,1,41.64,CONFIRMED,2016-03-31 09:38:00
719,255,56,1,41.64,CONFIRMED,2016-04-02 04:38:00
720,255,708,1,41.64,CONFIRMED,2016-03-30 21:38:00
721,255,530,1,41.64,CONFIRMED,2016-04-01 01:38:00
722,255,927,2,83.28,CONFIRMED,2016-03-31 08:38:00
723,256,905,1,14.74,CONFIRMED,2016-04-02 02:11:00
724,256,467,3,44.22,CONFIRMED,2016-04-02 11:11:00
725,257,725,4,79.84,CONFIRMED,2016-04-02 15:00:00
726,258,746,1,2.0,CONFIRMED,2016-04-01 12:51:00
727,258,812,1,2.0,CONFIRMED,2016-04-01 18:51:00
728,258,1000,1,2.0,CONFIRMED,2016-04-02 18:51:00
729,258,525,1,2.0,CONFIRMED,2016-04-03 06:51:00
730,259,317,1,1.93,CONFIRMED,2016-04-02 14:05:00
731,259,318,1,1.93,CANCELLED,2016-04-02 12:05:00
732,259,749,1,1.93,CONFIRMED,2016-04-02 05:05:00
733,259,789,1,1.93,CONFIRMED,2016-03-31 22:05:00
734,260,624,4,105.32,CONFIRMED,2016-04-02 21:48:00
735,261,420,1,27.05,CONFIRMED,2016-04-02 22:39:00
736,261,453,1,27.05,CONFIRMED,2016-04-02 21:39:00
737,261,82,1,27.05,CONFIRMED,2016-04-05 02:39:00
738,261,616,1,27.05,CONFIRMED,2016-04-05 16:39:00
739,262,876,3,12.0,CONFIRMED,2016-04-04 09:19:00
740,262,34,2,8.0,CANCELLED,2016-04-05 17:19:00
741,263,428,2,6.14,CONFIRMED,2016-04-06 00:03:00
742,264,991,3,55.29,CONFIRMED,2016-04-07 13:20:00
743,264,468,1,18.43,CONFIRMED,2016-04-06 00:20:00
744,265,921,1,21.27,CONFIRMED,2016-04-04 20:45:00
745,265,389,1,21.27,CONFIRMED,2016-04-07 01:45:00
746,265,840,1,21.27,CONFIRMED,2016-04-06 07:45:00
747,266,540,2,8.42,CONFIRMED,2016-04-08 04:30:00
748,266,424,1,4.21,CONFIRMED,2016-04-05 16:30:00
749,266,538,1,4.21,CONFIRMED,2016-04-06 23:30:00
750,267,624,1,4.0,CANCELLED,2016-04-05 21:34:00
751,267,870,1,4.0,CONFIRMED,2016-04-07 13:34:00
752,267,325,1,4.0,CONFIRMED,2016-04-07 12:34:00
753,267,266,1,4.0,CONFIRMED,2016-04-06 01:34:00
754,268,757,2,8.0,CONFIRMED,2016-04-06 07:55:00
755,269,47,3,43.29,CONFIRMED,2016-04-07 12:43:00
756,269,343,3,43.29,CONFIRMED,2016-04-08 05:43:00
757,269,360,2,28.86,CONFIRMED,2016-04-05 15:43:00
758,269,575,2,28.86,CONFIRMED,2016-04-07 23:43:00
759,270,350,1,14.17,CANCELLED,2016-04-07 15:05:00
760,270,406,2,28.34,CANCELLED,2016-04-06 02:05:00
761,270,743,2,28.34,CONFIRMED,2016-04-07 22:05:00
762,271,161,2,11.0,CANCELLED,2016-04-06 19:27:00
763,271,644,2,11.0,CONFIRMED,2016-04-07 11:27:00
764,272,857,3,44.55,CONFIRMED,2016-04-08 14:00:00
765,273,215,3,7.35,CONFIRMED,2016-04-09 10:24:00
766,274,994,2,8.0,CONFIRMED,2016-04-12 05:15:00
767,275,386,1,17.63,CONFIRMED,2016-04-10 07:34:00
768,275,643,1,17.63,CONFIRMED,2016-04-10 17:34:00
769,275,549,2,35.26,CONFIRMED,2016-04-10 22:34:00
770,276,89,1,17.96,CONFIRMED,2016-04-10 19:58:00
771,276,509,1,17.96,CONFIRMED,2016-04-11 11:58:00
772,276,900,1,17.96,CONFIRMED,2016-04-12 05:58:00
773,276,244,1,17.96,CANCELLED,2016-04-10 01:58:00
774,277,820,4,91.76,CANCELLED,2016-04-11 16:22:00
775,278,349,2,42.66,CONFIRMED,2016-04-09 17:42:00
776,278,947,2,42.66,CONFIRMED,2016-04-11 18:42:00
777,279,843,3,9.78,CONFIRMED,2016-04-17 00:21:00
778,280,743,2,7.4,CONFIRMED,2016-04-16 22:07:00
779,280,38,1,3.7,CONFIRMED,2016-04-19 11:07:00
780,281,870,1,3.18,CONFIRMED,2016-04-30 12:51:00
781,281,610,1,3.18,CONFIRMED,2016-04-29 02:51:00
782,281,894,1,3.18,CONFIRMED,2016-04-29 02:51:00
783,282,330,1,3.17,CONFIRMED,2016-04-27 22:18:00
784,282,207,2,6.34,CONFIRMED,2016-04-30 03:18:00
785,283,153,1,10.84,CONFIRMED,2016-04-28 13:45:00
786,283,162,1,10.84,CONFIRMED,2016-04-29 16:45:00
787,283,281,2,21.68,CONFIRMED,2016-04-30 00:45:00
788,284,251,1,10.32,CONFIRMED,2016-05-01 07:26:00
789,284,176,1,10.32,CONFIRMED,2016-05-01 07:26:00
790,284,73,1,10.32,CONFIRMED,2016-05-01 02:26:00
791,284,319,1,10.32,CONFIRMED,2016-04-29 04:26:00
792,284,629,1,10.32,CONFIRMED,2016-04-30 12:26:00
793,285,778,2,8.0,CONFIRMED,2016-05-01 05:33:00
794,285,688,2,8.0,CONFIRMED,2016-04-30 01:33:00
795,285,830,2,8.0,CONFIRMED,2016-04-30 12:33:00
796,285,548,1,4.0,CANCELLED,2016-04-30 07:33:00
797,285,81,2,8.0,CONFIRMED,2016-04-29 22:33:00
798,285,999,2,8.0,CONFIRMED,2016-05-01 13:33:00
799,286,488,1,16.25,CONFIRMED,2016-04-29 05:54:00
800,287,291,2,34.0,CONFIRMED,2016-05-01 05:38:00
801,287,788,3,51.0,CONFIRMED,2016-05-01 08:38:00
802,288,571,2,8.36,CONFIRMED,2016-04-30 07:08:00
803,288,667,2,8.36,CONFIRMED,2016-05-01 03:08:00
804,288,73,1,4.18,PENDING,2016-04-30 09:08:00
805,289,349,2,18.58,CANCELLED,2016-04-30 06:14:00
806,290,582,3,53.91,CONFIRMED,2016-05-02 05:37:00
807,290,808,3,53.91,CANCELLED,2016-04-30 00:37:00
808,290,352,1,17.97,CONFIRMED,2016-04-30 03:37:00
809,290,559,2,35.94,CONFIRMED,2016-04-30 06:37:00
810,291,317,2,3.38,CONFIRMED,2016-05-03 01:32:00
811,291,980,3,5.07,CANCELLED,2016-05-01 14:32:00
812,292,507,1,15.31,CONFIRMED,2016-05-03 04:20:00
813,292,662,1,15.31,CONFIRMED,2016-05-03 02:20:00
814,292,678,2,30.62,CONFIRMED,2016-05-01 20:20:00
815,293,202,1,3.48,CONFIRMED,2016-05-02 21:09:00
816,293,212,1,3.48,CONFIRMED,2016-05-02 15:09:00
817,293,699,1,3.48,CONFIRMED,2016-05-01 18:09:00
818,293,900,1,3.48,CANCELLED,2016-05-02 22:09:00
819,294,379,1,10.27,CONFIRMED,2016-05-01 15:16:00
820,295,114,1,14.44,CONFIRMED,2016-05-02 17:55:00
821,295,883,2,28.88,CONFIRMED,2016-05-02 16:55:00
822,295,290,2,28.88,CONFIRMED,2016-05-03 16:55:00
823,296,487,1,4.88,CONFIRMED,2016-05-02 22:30:00
824,296,143,2,9.76,CONFIRMED,2016-05-04 04:30:00
825,297,12,3,42.0,CONFIRMED,2016-05-02 07:19:00
826,297,74,3,42.0,CONFIRMED,2016-05-04 04:19:00
827,298,142,4,6.04,CANCELLED,2016-05-03 02:55:00
828,299,467,2,8.2,CONFIRMED,2016-05-03 00:02:00
829,299,523,2,8.2,CONFIRMED,2016-05-04 10:02:00
830,300,621,1,22.55,CONFIRMED,2016-05-04 10:24:00
831,300,8,1,22.55,CANCELLED,2016-05-03 22:24:00
832,300,593,1,22.55,PENDING,2016-05-03 07:24:00
833,300,512,1,22.55,CONFIRMED,2016-05-03 07:24:00
834,301,82,1,23.27,CONFIRMED,2016-05-05 11:34:00
835,301,146,1,23.27,CONFIRMED,2016-05-05 12:34:00
836,301,749,1,23.27,CONFIRMED,2016-05-04 02:34:00
837,301,750,1,23.27,CONFIRMED,2016-05-03 04:34:00
838,301,540,1,23.27,CONFIRMED,2016-05-04 03:34:00
839,301,881,1,23.27,CONFIRMED,2016-05-04 08:34:00
840,302,172,2,18.6,CONFIRMED,2016-05-04 13:55:00
841,302,37,1,9.3,CONFIRMED,2016-05-05 01:55:00
842,302,713,1,9.3,CONFIRMED,2016-05-04 09:55:00
843,303,294,4,81.44,CONFIRMED,2016-05-03 12:47:00
844,304,873,3,8.55,CONFIRMED,2016-05-05 01:52:00
845,305,880,1,4.82,CONFIRMED,2016-05-05 18:05:00
846,305,265,2,9.64,CONFIRMED,2016-05-05 15:05:00
847,305,15,2,9.64,CONFIRMED,2016-05-05 07:05:00
848,306,187,1,4.87,CONFIRMED,2016-05-06 04:56:00
849,306,820,1,4.87,CONFIRMED,2016-05-05 19:56:00
850,306,542,1,4.87,CONFIRMED,2016-05-04 10:56:00
851,306,884,1,4.87,CONFIRMED,2016-05-04 06:56:00
852,307,217,3,26.61,CANCELLED,2016-05-06 09:45:00
853,307,593,3,26.61,CONFIRMED,2016-05-06 01:45:00
854,308,172,4,124.0,CONFIRMED,2016-05-05 02:18:00
855,309,766,1,3.13,CONFIRMED,2016-05-05 09:00:00
856,309,973,1,3.13,CONFIRMED,2016-05-04 15:00:00
857,309,772,1,3.13,CONFIRMED,2016-05-05 01:00:00
858,309,946,1,3.13,CONFIRMED,2016-05-04 15:00:00
859,310,101,3,6.18,PENDING,2016-05-05 10:38:00
860,311,344,1,19.42,CONFIRMED,2016-05-07 03:08:00
861,311,277,2,38.84,CONFIRMED,2016-05-07 23:08:00
862,311,274,1,19.42,CONFIRMED,2016-05-08 06:08:00
863,312,561,1,11.74,CANCELLED,2016-05-09 12:39:00
864,312,11,2,23.48,CONFIRMED,2016-05-09 00:39:00
865,312,690,2,23.48,CONFIRMED,2016-05-08 01:39:00
866,313,199,1,15.01,CONFIRMED,2016-05-08 13:58:00
867,313,35,1,15.01,CONFIRMED,2016-05-09 01:58:00
868,313,25,1,15.01,CANCELLED,2016-05-09 00:58:00
869,314,674,1,18.73,CANCELLED,2016-05-08 19:35:00
870,314,784,1,18.73,CONFIRMED,2016-05-09 09:35:00
871,314,923,1,18.73,CANCELLED,2016-05-08 07:35:00
872,314,665,1,18.73,CONFIRMED,2016-05-08 01:35:00
873,315,166,3,54.36,CONFIRMED,2016-05-08 08:03:00
874,315,801,4,72.48,CONFIRMED,2016-05-10 01:03:00
875,315,76,3,54.36,PENDING,2016-05-08 23:03:00
876,316,452,2,8.0,PENDING,2016-05-09 15:19:00
877,316,72,3,12.0,CONFIRMED,2016-05-08 02:19:00
878,317,148,4,22.92,CONFIRMED,2016-05-10 18:35:00
879,318,734,1,3.74,CONFIRMED,2016-05-10 09:43:00
880,318,267,1,3.74,CONFIRMED,2016-05-09 02:43:00
881,318,106,1,3.74,CONFIRMED,2016-05-11 17:43:00
882,318,36,1,3.74,CONFIRMED,2016-05-10 07:43:00
883,319,717,2,50.82,CONFIRMED,2016-05-09 03:47:00
884,319,338,3,76.23,CANCELLED,2016-05-09 06:47:00
885,320,448,1,3.25,CONFIRMED,2016-05-12 12:15:00
886,320,415,1,3.25,PENDING,2016-05-09 23:15:00
887,320,866,1,3.25,CONFIRMED,2016-05-10 15:15:00
888,320,747,1,3.25,CONFIRMED,2016-05-10 09:15:00
889,321,649,1,5.78,CONFIRMED,2016-05-11 19:01:00
890,322,863,4,13.12,CONFIRMED,2016-05-12 04:50:00
891,323,209,1,4.09,PENDING,2016-05-12 19:11:00
892,323,182,1,4.09,CONFIRMED,2016-05-13 06:11:00
893,323,569,1,4.09,CONFIRMED,2016-05-11 11:11:00
894,324,144,1,4.94,CONFIRMED,2016-05-13 04:44:00
895,324,37,2,9.88,CONFIRMED,2016-05-11 13:44:00
896,325,513,2,13.0,PENDING,2016-05-14 09:19:00
897,325,548,1,6.5,CONFIRMED,2016-05-12 16:19:00
898,325,990,1,6.5,CONFIRMED,2016-05-13 08:19:00
899,326,964,1,1.98,CONFIRMED,2016-05-13 09:42:00
900,326,696,1,1.98,CONFIRMED,2016-05-13 20:42:00
901,326,893,1,1.98,CONFIRMED,2016-05-12 02:42:00
902,326,897,1,1.98,CONFIRMED,2016-05-13 22:42:00
903,327,178,1,2.52,CANCELLED,2016-05-15 07:22:00
904,328,627,1,2.16,CANCELLED,2016-05-16 19:56:00
905,328,176,1,2.16,CONFIRMED,2016-05-16 04:56:00
906,328,857,1,2.16,CANCELLED,2016-05-15 02:56:00
907,328,607,1,2.16,CANCELLED,2016-05-15 05:56:00
908,329,124,1,3.72,CONFIRMED,2016-05-16 11:53:00
909,329,702,1,3.72,CONFIRMED,2016-05-15 20:53:00
910,329,591,1,3.72,CONFIRMED,2016-05-16 20:53:00
911,330,174,1,3.85,CONFIRMED,2016-05-19 08:35:00
912,330,715,1,3.85,CONFIRMED,2016-05-17 13:35:00
913,330,380,1,3.85,CONFIRMED,2016-05-16 23:35:00
914,330,568,1,3.85,CONFIRMED,2016-05-18 15:35:00
915,331,725,3,14.91,CONFIRMED,2016-05-18 03:52:00
916,332,213,3,17.22,CONFIRMED,2016-05-25 02:50:00
917,332,147,2,11.48,CONFIRMED,2016-05-26 13:50:00
918,333,612,2,11.72,CONFIRMED,2016-05-27 04:46:00
919,334,848,1,1.23,CONFIRMED,2016-05-26 10:10:00
920,334,803,1,1.23,CONFIRMED,2016-05-26 14:10:00
921,334,310,1,1.23,CONFIRMED,2016-05-26 12:10:00
922,335,226,1,2.48,CONFIRMED,2016-05-30 16:07:00
923,335,477,1,2.48,CONFIRMED,2016-05-29 04:07:00
924,335,790,2,4.96,CONFIRMED,2016-05-31 11:07:00
925,335,643,1,2.48,CONFIRMED,2016-05-30 04:07:00
926,335,677,1,2.48,CONFIRMED,2016-05-29 22:07:00
927,336,45,1,4.0,CONFIRMED,2016-06-01 06:19:00
928,336,107,1,4.0,CONFIRMED,2016-06-01 00:19:00
929,336,760,1,4.0,CONFIRMED,2016-05-30 16:19:00
930,336,54,1,4.0,CONFIRMED,2016-05-30 16:19:00
931,337,799,3,52.62,CONFIRMED,2016-05-31 06:10:00
932,337,113,4,70.16,CANCELLED,2016-05-30 12:10:00
933,338,76,5,147.55,CONFIRMED,2016-06-01 03:29:00
934,338,483,2,59.02,CONFIRMED,2016-06-01 00:29:00
935,339,397,1,8.38,CONFIRMED,2016-06-02 12:08:00
936,339,383,3,25.14,CONFIRMED,2016-06-02 02:08:00
937,340,345,1,16.69,CONFIRMED,2016-06-03 07:31:00
938,340,131,2,33.38,CONFIRMED,2016-06-01 03:31:00
939,341,430,1,16.62,CANCELLED,2016-06-02 21:14:00
940,341,176,1,16.62,CONFIRMED,2016-05-31 19:14:00
941,341,780,1,16.62,CONFIRMED,2016-05-31 23:14:00
942,341,352,1,16.62,CANCELLED,2016-06-02 14:14:00
943,342,859,1,9.48,CONFIRMED,2016-06-02 10:41:00
944,342,475,1,9.48,CONFIRMED,2016-06-02 13:41:00
945,342,286,1,9.48,CANCELLED,2016-06-03 17:41:00
946,342,15,1,9.48,PENDING,2016-06-03 12:41:00
947,343,752,1,20.18,CONFIRMED,2016-06-01 05:36:00
948,343,788,1,20.18,CONFIRMED,2016-06-02 12:36:00
949,343,517,1,20.18,CONFIRMED,2016-06-03 17:36:00
950,343,35,1,20.18,CANCELLED,2016-06-03 02:36:00
951,344,304,1,15.78,CONFIRMED,2016-06-02 06:47:00
952,344,245,1,15.78,CONFIRMED,2016-06-03 18:47:00
953,344,665,2,31.56,CONFIRMED,2016-06-03 04:47:00
954,345,190,1,7.45,CONFIRMED,2016-06-05 13:03:00
955,345,810,1,7.45,CONFIRMED,2016-06-03 19:03:00
956,345,894,1,7.45,CONFIRMED,2016-06-04 03:03:00
957,345,380,1,7.45,CONFIRMED,2016-06-05 03:03:00
958,346,755,2,58.2,CANCELLED,2016-06-05 00:06:00
959,346,956,2,58.2,CONFIRMED,2016-06-05 09:06:00
960,346,57,2,58.2,CONFIRMED,2016-06-02 15:06:00
961,347,575,2,42.66,CONFIRMED,2016-06-03 20:57:00
962,348,554,3,40.98,CONFIRMED,2016-06-04 15:05:00
963,348,117,3,40.98,CONFIRMED,2016-06-04 00:05:00
964,349,921,2,19.82,CONFIRMED,2016-06-05 12:53:00
965,349,274,2,19.82,CONFIRMED,2016-06-03 06:53:00
966,349,516,1,9.91,CONFIRMED,2016-06-03 00:53:00
967,350,463,1,8.73,CONFIRMED,2016-06-03 12:52:00
968,350,637,1,8.73,CONFIRMED,2016-06-05 00:52:00
969,350,377,2,17.46,PENDING,2016-06-05 13:52:00
970,351,170,3,74.55,CONFIRMED,2016-06-05 20:36:00
971,352,155,3,41.49,CONFIRMED,2016-06-04 10:16:00
972,352,897,3,41.49,CONFIRMED,2016-06-05 23:16:00
973,352,210,2,27.66,CONFIRMED,2016-06-04 07:16:00
974,352,534,3,41.49,CONFIRMED,2016-06-05 02:16:00
975,353,65,2,37.36,CANCELLED,2016-06-04 01:06:00
976,353,23,3,56.04,CONFIRMED,2016-06-05 00:06:00
977,354,662,2,27.04,CONFIRMED,2016-06-06 04:08:00
978,354,807,2,27.04,CONFIRMED,2016-06-05 11:08:00
979,354,335,1,13.52,CONFIRMED,2016-06-05 08:08:00
980,354,498,1,13.52,CONFIRMED,2016-06-05 08:08:00
981,354,608,2,27.04,PENDING,2016-06-06 00:08:00
982,354,683,2,27.04,CONFIRMED,2016-06-05 22:08:00
983,355,711,1,19.93,CONFIRMED,2016-06-05 04:41:00
984,355,928,1,19.93,CONFIRMED,2016-06-04 21:41:00
985,355,684,1,19.93,CONFIRMED,2016-06-06 16:41:00
986,355,815,1,19.93,PENDING,2016-06-06 02:41:00
987,355,158,1,19.93,CONFIRMED,2016-06-06 00:41:00
988,355,166,1,19.93,CONFIRMED,2016-06-06 17:41:00
989,356,955,1,14.07,CANCELLED,2016-06-06 03:34:00
990,356,513,1,14.07,PENDING,2016-06-04 01:34:00
991,356,788,1,14.07,CONFIRMED,2016-06-05 09:34:00
992,356,150,1,14.07,CANCELLED,2016-06-06 04:34:00
993,357,348,1,1.76,CANCELLED,2016-06-07 00:48:00
994,357,707,1,1.76,CONFIRMED,2016-06-05 14:48:00
995,357,116,1,1.76,CONFIRMED,2016-06-07 06:48:00
996,357,751,1,1.76,CONFIRMED,2016-06-06 17:48:00
997,358,802,2,7.26,CONFIRMED,2016-06-07 10:05:00
998,358,960,3,10.89,CANCELLED,2016-06-07 09:05:00
999,359,200,1,21.64,CANCELLED,2016-06-05 22:42:00
1000,359,503,1,21.64,CONFIRMED,2016-06-05 14:42:00
1001,359,326,1,21.64,CONFIRMED,2016-06-07 19:42:00
1002,359,619,1,21.64,CONFIRMED,2016-06-06 05:42:00
1003,360,897,1,20.38,CONFIRMED,2016-06-05 17:41:00
1004,360,575,1,20.38,CONFIRMED,2016-06-05 16:41:00
1005,360,90,1,20.38,CONFIRMED,2016-06-07 11:41:00
1006,360,221,1,20.38,CONFIRMED,2016-06-05 10:41:00
1007,361,68,2,28.14,CONFIRMED,2016-06-06 03:23:00
1008,361,957,2,28.14,CONFIRMED,2016-06-05 08:23:00
1009,361,985,2,28.14,CONFIRMED,2016-06-07 14:23:00
1010,362,191,2,16.24,CONFIRMED,2016-06-05 21:04:00
1011,362,854,1,8.12,CANCELLED,2016-06-06 21:04:00
1012,363,507,2,14.96,CONFIRMED,2016-06-08 12:12:00
1013,363,574,1,7.48,CONFIRMED,2016-06-06 00:12:00
1014,363,759,1,7.48,CONFIRMED,2016-06-07 00:12:00
1015,364,184,1,9.07,CONFIRMED,2016-06-07 02:31:00
1016,364,504,1,9.07,PENDING,2016-06-08 05:31:00
1017,364,930,1,9.07,CONFIRMED,2016-06-06 06:31:00
1018,364,705,1,9.07,CONFIRMED,2016-06-06 01:31:00
1019,365,383,1,7.12,CANCELLED,2016-06-07 19:55:00
1020,366,150,3,65.79,CONFIRMED,2016-06-07 23:16:00
1021,367,168,2,29.26,CONFIRMED,2016-06-06 19:59:00
1022,367,55,1,14.63,CONFIRMED,2016-06-05 21:59:00
1023,367,280,1,14.63,CONFIRMED,2016-06-07 17:59:00
1024,368,614,2,55.12,CONFIRMED,2016-06-07 03:11:00
1025,369,278,3,99.69,CONFIRMED,2016-06-07 18:19:00
1026,369,703,3,99.69,CONFIRMED,2016-06-09 20:19:00
1027,369,716,1,33.23,CONFIRMED,2016-06-09 02:19:00
1028,370,799,2,8.3,CANCELLED,2016-06-09 19:18:00
1029,370,498,1,4.15,CONFIRMED,2016-06-07 23:18:00
1030,370,423,1,4.15,CANCELLED,2016-06-07 16:18:00
1031,371,429,4,16.0,CANCELLED,2016-06-10 06:47:00
1032,372,947,2,23.9,CONFIRMED,2016-06-09 00:53:00
1033,372,18,1,11.95,CANCELLED,2016-06-08 04:53:00
1034,373,178,1,2.17,CONFIRMED,2016-06-10 23:28:00
1035,373,728,1,2.17,CONFIRMED,2016-06-10 20:28:00
1036,373,313,1,2.17,CONFIRMED,2016-06-10 12:28:00
1037,374,81,3,12.0,CONFIRMED,2016-06-11 02:08:00
1038,374,436,1,4.0,CONFIRMED,2016-06-09 03:08:00
1039,375,44,1,13.0,CONFIRMED,2016-06-10 08:34:00
1040,375,202,1,13.0,CONFIRMED,2016-06-11 15:34:00
1041,375,111,1,13.0,CONFIRMED,2016-06-10 14:34:00
1042,375,34,1,13.0,CONFIRMED,2016-06-09 20:34:00
1043,376,93,2,34.6,CANCELLED,2016-06-10 05:50:00
1044,377,361,1,11.32,CONFIRMED,2016-06-11 12:45:00
1045,377,165,1,11.32,CANCELLED,2016-06-11 19:45:00
1046,377,876,1,11.32,CONFIRMED,2016-06-10 08:45:00
1047,378,925,3,26.55,CONFIRMED,2016-06-11 10:39:00
1048,378,774,1,8.85,CANCELLED,2016-06-09 10:39:00
1049,379,716,2,17.86,CONFIRMED,2016-06-12 05:53:00
1050,379,605,1,8.93,CANCELLED,2016-06-10 18:53:00
1051,379,190,2,17.86,CONFIRMED,2016-06-11 13:53:00
1052,380,116,1,29.29,CONFIRMED,2016-06-12 02:05:00
1053,380,780,1,29.29,CONFIRMED,2016-06-11 07:05:00
1054,380,322,1,29.29,CONFIRMED,2016-06-10 04:05:00
1055,380,127,1,29.29,CONFIRMED,2016-06-10 09:05:00
1056,381,705,1,13.72,CONFIRMED,2016-06-11 07:58:00
1057,381,863,2,27.44,CONFIRMED,2016-06-12 12:58:00
1058,381,455,2,27.44,CANCELLED,2016-06-10 21:58:00
1059,382,14,2,6.4,CONFIRMED,2016-06-10 20:35:00
1060,382,692,2,6.4,CONFIRMED,2016-06-12 12:35:00
1061,383,147,4,13.8,CONFIRMED,2016-06-13 09:22:00
1062,384,67,1,3.86,CONFIRMED,2016-06-13 10:50:00
1063,384,374,1,3.86,CONFIRMED,2016-06-13 07:50:00
1064,385,287,1,5.01,CONFIRMED,2016-06-14 15:52:00
1065,385,785,1,5.01,CONFIRMED,2016-06-14 15:52:00
1066,385,732,1,5.01,CONFIRMED,2016-06-16 00:52:00
1067,385,786,1,5.01,CONFIRMED,2016-06-15 10:52:00
1068,386,511,1,6.17,CONFIRMED,2016-06-17 12:50:00
1069,386,238,1,6.17,CONFIRMED,2016-06-17 15:50:00
1070,386,645,1,6.17,CONFIRMED,2016-06-16 01:50:00
1071,386,967,1,6.17,CONFIRMED,2016-06-17 06:50:00
1072,387,678,4,16.36,CONFIRMED,2016-06-17 12:27:00
1073,388,679,2,2.66,CONFIRMED,2016-06-16 15:07:00
1074,388,511,1,1.33,PENDING,2016-06-19 08:07:00
1075,388,504,2,2.66,CANCELLED,2016-06-18 21:07:00
1076,389,462,2,7.56,CONFIRMED,2016-06-20 15:21:00
1077,389,324,1,3.78,CONFIRMED,2016-06-19 05:21:00
1078,389,875,3,11.34,CONFIRMED,2016-06-18 12:21:00
1079,389,387,1,3.78,CONFIRMED,2016-06-18 18:21:00
1080,390,784,1,2.09,CONFIRMED,2016-06-21 16:10:00
1081,390,113,1,2.09,CONFIRMED,2016-06-23 17:10:00
1082,390,584,1,2.09,CONFIRMED,2016-06-21 22:10:00
1083,390,693,1,2.09,CONFIRMED,2016-06-22 16:10:00
1084,391,330,1,2.86,CONFIRMED,2016-06-22 15:45:00
1085,391,63,2,5.72,CANCELLED,2016-06-24 10:45:00
1086,391,29,2,5.72,CONFIRMED,2016-06-22 07:45:00
1087,392,367,1,1.78,CONFIRMED,2016-06-24 08:53:00
1088,392,423,1,1.78,CONFIRMED,2016-06-25 05:53:00
1089,392,361,1,1.78,CANCELLED,2016-06-25 01:53:00
1090,393,174,2,23.66,CONFIRMED,2016-06-28 17:00:00
1091,393,21,2,23.66,CONFIRMED,2016-06-28 11:00:00
1092,393,552,1,11.83,PENDING,2016-06-28 23:00:00
1093,394,331,1,24.57,CONFIRMED,2016-06-30 06:34:00
1094,394,587,1,24.57,CONFIRMED,2016-06-29 13:34:00
1095,394,101,1,24.57,CONFIRMED,2016-06-29 10:34:00
1096,394,829,1,24.57,CONFIRMED,2016-06-30 23:34:00
1097,395,872,1,21.58,CANCELLED,2016-07-01 00:36:00
1098,395,550,1,21.58,CONFIRMED,2016-06-30 01:36:00
1099,395,220,1,21.58,CONFIRMED,2016-06-28 16:36:00
1100,395,295,1,21.58,CONFIRMED,2016-06-29 15:36:00
1101,395,272,1,21.58,CONFIRMED,2016-06-29 21:36:00
1102,395,49,1,21.58,CONFIRMED,2016-06-28 14:36:00
1103,395,305,1,21.58,CONFIRMED,2016-06-29 08:36:00
1104,396,640,1,15.02,CANCELLED,2016-06-29 01:06:00
1105,396,528,1,15.02,CONFIRMED,2016-06-30 16:06:00
1106,396,465,2,30.04,CONFIRMED,2016-06-28 23:06:00
1107,397,631,1,5.47,CONFIRMED,2016-06-30 00:48:00
1108,397,875,1,5.47,CONFIRMED,2016-07-01 03:48:00
1109,397,789,1,5.47,CANCELLED,2016-06-29 18:48:00
1110,397,930,1,5.47,CANCELLED,2016-07-01 14:48:00
1111,397,446,1,5.47,CANCELLED,2016-06-30 12:48:00
1112,397,959,1,5.47,CONFIRMED,2016-06-30 14:48:00
1113,397,581,1,5.47,CONFIRMED,2016-07-01 08:48:00
1114,398,197,1,19.49,CONFIRMED,2016-07-01 04:18:00
1115,398,29,2,38.98,CONFIRMED,2016-06-30 12:18:00
1116,399,663,1,9.96,CONFIRMED,2016-07-02 19:48:00
1117,399,929,1,9.96,CONFIRMED,2016-07-01 11:48:00
1118,399,38,1,9.96,CONFIRMED,2016-07-02 17:48:00
1119,399,207,1,9.96,CONFIRMED,2016-07-02 15:48:00
1120,400,322,3,22.83,CANCELLED,2016-06-30 19:28:00
1121,401,688,1,9.81,CONFIRMED,2016-07-02 09:02:00
1122,401,674,1,9.81,CONFIRMED,2016-06-30 10:02:00
1123,401,907,1,9.81,CONFIRMED,2016-06-30 07:02:00
1124,402,509,2,33.94,CONFIRMED,2016-07-02 03:00:00
1125,402,907,3,50.91,CANCELLED,2016-07-01 18:00:00
1126,402,93,2,33.94,CANCELLED,2016-07-02 16:00:00
1127,403,110,1,4.0,PENDING,2016-07-01 15:32:00
1128,403,180,2,8.0,CONFIRMED,2016-07-03 16:32:00
1129,404,547,1,17.89,CONFIRMED,2016-07-02 10:31:00
1130,404,384,1,17.89,CONFIRMED,2016-07-03 05:31:00
1131,404,717,1,17.89,CONFIRMED,2016-07-02 17:31:00
1132,404,973,1,17.89,CONFIRMED,2016-07-04 12:31:00
1133,405,709,2,32.78,CONFIRMED,2016-07-02 16:23:00
1134,406,656,3,30.96,CANCELLED,2016-07-04 04:00:00
1135,406,983,5,51.6,CANCELLED,2016-07-02 11:00:00
1136,406,719,4,41.28,CONFIRMED,2016-07-02 17:00:00
1137,407,309,1,23.3,CONFIRMED,2016-07-04 03:00:00
1138,407,93,2,46.6,CONFIRMED,2016-07-02 19:00:00
1139,407,960,1,23.3,CONFIRMED,2016-07-04 13:00:00
1140,408,483,1,19.89,CONFIRMED,2016-07-04 11:08:00
1141,408,756,1,19.89,CONFIRMED,2016-07-02 07:08:00
1142,408,423,1,19.89,CONFIRMED,2016-07-02 01:08:00
1143,408,950,1,19.89,CONFIRMED,2016-07-04 20:08:00
1144,409,658,2,20.3,CONFIRMED,2016-07-04 22:48:00
1145,410,411,2,19.28,CONFIRMED,2016-07-04 03:06:00
1146,411,85,1,20.56,CANCELLED,2016-07-03 17:41:00
1147,411,114,2,41.12,CONFIRMED,2016-07-05 04:41:00
1148,411,162,2,41.12,CONFIRMED,2016-07-04 04:41:00
1149,411,256,2,41.12,CONFIRMED,2016-07-03 16:41:00
1150,411,530,2,41.12,CONFIRMED,2016-07-03 21:41:00
1151,412,907,1,4.0,CANCELLED,2016-07-03 12:33:00
1152,412,586,1,4.0,CONFIRMED,2016-07-05 02:33:00
1153,412,231,1,4.0,CONFIRMED,2016-07-03 17:33:00
1154,412,23,1,4.0,CONFIRMED,2016-07-04 00:33:00
1155,412,972,1,4.0,CANCELLED,2016-07-05 08:33:00
1156,412,25,1,4.0,CONFIRMED,2016-07-03 16:33:00
1157,412,947,1,4.0,CANCELLED,2016-07-03 08:33:00
1158,413,230,2,24.68,CONFIRMED,2016-07-04 22:06:00
1159,414,766,1,9.95,CONFIRMED,2016-07-05 09:48:00
1160,414,508,1,9.95,PENDING,2016-07-04 23:48:00
1161,414,393,1,9.95,CONFIRMED,2016-07-04 07:48:00
1162,415,30,2,31.12,CONFIRMED,2016-07-04 10:04:00
1163,415,299,1,15.56,CONFIRMED,2016-07-04 09:04:00
1164,416,11,4,66.76,CONFIRMED,2016-07-05 05:46:00
1165,417,409,2,30.58,CONFIRMED,2016-07-05 23:22:00
1166,417,705,1,15.29,CONFIRMED,2016-07-07 00:22:00
1167,417,218,1,15.29,CONFIRMED,2016-07-06 01:22:00
1168,417,732,2,30.58,CANCELLED,2016-07-07 02:22:00
1169,417,394,1,15.29,CONFIRMED,2016-07-05 07:22:00
1170,417,727,2,30.58,PENDING,2016-07-05 08:22:00
1171,418,993,3,72.24,CONFIRMED,2016-07-06 11:27:00
1172,418,915,2,48.16,CONFIRMED,2016-07-04 18:27:00
1173,419,899,1,16.82,CONFIRMED,2016-07-04 16:59:00
1174,419,480,4,67.28,CONFIRMED,2016-07-06 21:59:00
1175,419,136,3,50.46,CONFIRMED,2016-07-06 19:59:00
1176,420,894,1,12.48,CANCELLED,2016-07-06 20:50:00
1177,420,998,1,12.48,CONFIRMED,2016-07-06 23:50:00
1178,420,856,1,12.48,CONFIRMED,2016-07-07 11:50:00
1179,420,288,1,12.48,CONFIRMED,2016-07-05 18:50:00
1180,421,571,3,15.93,CONFIRMED,2016-07-06 01:51:00
1181,421,875,1,5.31,CONFIRMED,2016-07-08 03:51:00
1182,422,188,2,41.54,CONFIRMED,2016-07-06 01:48:00
1183,422,37,2,41.54,CONFIRMED,2016-07-05 21:48:00
1184,423,454,3,57.69,PENDING,2016-07-05 17:11:00
1185,424,470,1,26.61,CONFIRMED,2016-07-08 21:03:00
1186,424,506,1,26.61,CANCELLED,2016-07-08 09:03:00
1187,424,116,1,26.61,CONFIRMED,2016-07-07 22:03:00
1188,424,868,1,26.61,CONFIRMED,2016-07-09 08:03:00
1189,425,428,1,9.02,CONFIRMED,2016-07-06 17:52:00
1190,425,944,3,27.06,CONFIRMED,2016-07-07 14:52:00
1191,426,293,1,15.21,CONFIRMED,2016-07-08 20:15:00
1192,427,158,2,6.7,CANCELLED,2016-07-07 06:32:00
1193,427,30,2,6.7,CONFIRMED,2016-07-08 09:32:00
1194,427,84,1,3.35,CONFIRMED,2016-07-09 14:32:00
1195,428,638,1,14.3,CONFIRMED,2016-07-10 07:10:00
1196,428,975,2,28.6,CONFIRMED,2016-07-10 06:10:00
1197,428,464,1,14.3,CONFIRMED,2016-07-08 13:10:00
1198,428,333,1,14.3,CONFIRMED,2016-07-09 15:10:00
1199,428,972,1,14.3,PENDING,2016-07-08 10:10:00
1200,428,750,1,14.3,CONFIRMED,2016-07-09 11:10:00
1201,429,398,4,60.32,CONFIRMED,2016-07-09 20:04:00
1202,429,799,1,15.08,CONFIRMED,2016-07-08 08:04:00
1203,430,927,1,4.0,CONFIRMED,2016-07-10 05:05:00
1204,430,703,2,8.0,CONFIRMED,2016-07-08 03:05:00
1205,430,619,2,8.0,CANCELLED,2016-07-08 05:05:00
1206,431,578,1,21.6,CONFIRMED,2016-07-08 19:51:00
1207,431,616,1,21.6,CONFIRMED,2016-07-08 12:51:00
1208,431,434,1,21.6,CONFIRMED,2016-07-08 23:51:00
1209,432,693,1,20.23,CANCELLED,2016-07-09 20:10:00
1210,432,230,1,20.23,CONFIRMED,2016-07-10 08:10:00
1211,432,664,1,20.23,CANCELLED,2016-07-10 02:10:00
1212,432,703,1,20.23,CONFIRMED,2016-07-11 23:10:00
1213,433,926,1,24.04,CONFIRMED,2016-07-09 20:21:00
1214,433,308,1,24.04,CANCELLED,2016-07-10 01:21:00
1215,433,863,1,24.04,CONFIRMED,2016-07-10 14:21:00
1216,433,255,1,24.04,CONFIRMED,2016-07-11 10:21:00
1217,433,536,1,24.04,CONFIRMED,2016-07-12 08:21:00
1218,433,438,1,24.04,CONFIRMED,2016-07-10 07:21:00
1219,434,806,2,66.0,CONFIRMED,2016-07-10 17:47:00
1220,434,187,3,99.0,CONFIRMED,2016-07-10 12:47:00
1221,435,640,1,2.3,CONFIRMED,2016-07-12 18:16:00
1222,435,829,1,2.3,CANCELLED,2016-07-12 15:16:00
1223,435,273,1,2.3,CONFIRMED,2016-07-13 04:16:00
1224,435,351,1,2.3,CONFIRMED,2016-07-12 07:16:00
1225,436,473,1,4.66,CONFIRMED,2016-07-20 15:36:00
1226,436,710,1,4.66,CANCELLED,2016-07-22 02:36:00
1227,436,416,1,4.66,CONFIRMED,2016-07-21 13:36:00
1228,436,891,1,4.66,CANCELLED,2016-07-21 13:36:00
1229,437,216,4,8.32,CONFIRMED,2016-07-22 09:12:00
1230,438,864,1,4.41,CONFIRMED,2016-07-21 05:33:00
1231,438,643,1,4.41,CONFIRMED,2016-07-23 14:33:00
1232,438,880,1,4.41,CONFIRMED,2016-07-22 21:33:00
1233,438,810,1,4.41,PENDING,2016-07-21 04:33:00
1234,439,882,4,10.52,CONFIRMED,2016-07-28 11:57:00
1235,440,585,2,4.52,CONFIRMED,2016-07-29 13:44:00
1236,440,851,1,2.26,CONFIRMED,2016-07-27 07:44:00
1237,440,855,2,4.52,CANCELLED,2016-07-26 16:44:00
1238,441,38,2,10.56,CONFIRMED,2016-07-27 03:23:00
1239,441,501,1,5.28,CONFIRMED,2016-07-26 22:23:00
1240,441,411,1,5.28,CONFIRMED,2016-07-28 01:23:00
1241,442,275,4,16.0,CANCELLED,2016-07-31 21:47:00
1242,443,639,1,4.0,CONFIRMED,2016-08-01 10:08:00
1243,443,963,1,4.0,CONFIRMED,2016-07-31 12:08:00
1244,443,663,1,4.0,CONFIRMED,2016-07-31 07:08:00
1245,443,356,1,4.0,CONFIRMED,2016-07-30 17:08:00
1246,444,136,1,4.0,PENDING,2016-07-30 14:28:00
1247,444,906,1,4.0,CONFIRMED,2016-07-31 16:28:00
1248,444,302,1,4.0,CONFIRMED,2016-08-01 01:28:00
1249,444,742,1,4.0,CONFIRMED,2016-07-31 11:28:00
1250,445,622,2,5.08,CONFIRMED,2016-07-30 07:37:00
1251,446,311,1,8.05,PENDING,2016-07-30 15:52:00
1252,446,241,1,8.05,CONFIRMED,2016-07-31 16:52:00
1253,446,215,1,8.05,CANCELLED,2016-07-29 20:52:00
1254,446,572,1,8.05,CANCELLED,2016-07-30 17:52:00
1255,447,117,1,2.21,CONFIRMED,2016-07-30 19:39:00
1256,447,634,1,2.21,CONFIRMED,2016-07-29 15:39:00
1257,447,234,1,2.21,CANCELLED,2016-07-29 21:39:00
1258,447,124,1,2.21,CONFIRMED,2016-07-30 06:39:00
1259,448,987,1,5.69,CONFIRMED,2016-08-01 01:40:00
1260,448,863,1,5.69,CONFIRMED,2016-07-31 17:40:00
1261,448,775,1,5.69,CANCELLED,2016-07-30 16:40:00
1262,448,114,1,5.69,CONFIRMED,2016-07-30 06:40:00
1263,449,752,1,19.89,CONFIRMED,2016-07-31 22:18:00
1264,449,893,1,19.89,CANCELLED,2016-07-30 07:18:00
1265,449,102,1,19.89,CONFIRMED,2016-08-01 15:18:00
1266,449,158,1,19.89,CANCELLED,2016-07-30 03:18:00
1267,450,294,1,6.18,CONFIRMED,2016-07-30 10:29:00
1268,450,518,2,12.36,CONFIRMED,2016-07-31 08:29:00
1269,450,176,1,6.18,CONFIRMED,2016-07-29 20:29:00
1270,451,808,2,51.08,CONFIRMED,2016-07-30 12:23:00
1271,451,234,2,51.08,PENDING,2016-07-29 22:23:00
1272,451,142,3,76.62,CONFIRMED,2016-08-01 13:23:00
1273,451,823,2,51.08,CONFIRMED,2016-08-01 15:23:00
1274,452,87,3,21.18,CONFIRMED,2016-08-01 10:11:00
1275,453,63,1,8.88,CANCELLED,2016-08-02 03:51:00
1276,453,403,1,8.88,CONFIRMED,2016-07-30 12:51:00
1277,453,779,1,8.88,CONFIRMED,2016-07-31 18:51:00
1278,453,38,1,8.88,CONFIRMED,2016-07-31 23:51:00
1279,454,719,2,3.42,CONFIRMED,2016-07-30 18:37:00
1280,454,415,3,5.13,CONFIRMED,2016-07-31 07:37:00
1281,455,909,2,30.4,CONFIRMED,2016-08-01 04:15:00
1282,455,832,1,15.2,CONFIRMED,2016-08-01 00:15:00
1283,455,801,2,30.4,CONFIRMED,2016-08-02 02:15:00
1284,456,555,2,52.8,CONFIRMED,2016-08-02 00:23:00
1285,456,292,1,26.4,CONFIRMED,2016-07-30 23:23:00
1286,456,220,2,52.8,CONFIRMED,2016-08-01 06:23:00
1287,456,96,2,52.8,PENDING,2016-08-02 06:23:00
1288,456,525,1,26.4,CANCELLED,2016-08-01 11:23:00
1289,457,127,1,15.96,CONFIRMED,2016-08-03 11:46:00
1290,457,49,2,31.92,CONFIRMED,2016-08-02 05:46:00
1291,457,776,1,15.96,CONFIRMED,2016-08-01 23:46:00
1292,458,733,3,16.02,CONFIRMED,2016-08-03 00:59:00
1293,458,387,2,10.68,CONFIRMED,2016-08-02 13:59:00
1294,459,467,2,21.04,CANCELLED,2016-08-03 05:00:00
1295,459,102,1,10.52,CONFIRMED,2016-08-02 23:00:00
1296,459,152,2,21.04,CONFIRMED,2016-08-03 06:00:00
1297,460,695,2,5.66,CANCELLED,2016-08-01 20:29:00
1298,460,540,2,5.66,PENDING,2016-08-01 21:29:00
1299,460,414,2,5.66,CANCELLED,2016-08-03 17:29:00
1300,461,498,2,41.6,CONFIRMED,2016-08-02 23:23:00
1301,461,730,3,62.4,CONFIRMED,2016-08-04 13:23:00
1302,462,485,1,18.07,CANCELLED,2016-08-05 02:17:00
1303,462,34,1,18.07,CONFIRMED,2016-08-03 18:17:00
1304,462,766,1,18.07,CONFIRMED,2016-08-04 22:17:00
1305,462,161,1,18.07,CONFIRMED,2016-08-03 18:17:00
1306,463,302,2,28.08,CONFIRMED,2016-08-03 13:17:00
1307,463,498,1,14.04,CANCELLED,2016-08-04 03:17:00
1308,463,29,3,42.12,CONFIRMED,2016-08-03 04:17:00
1309,464,126,3,65.88,CONFIRMED,2016-08-06 00:40:00
1310,465,493,4,43.08,CANCELLED,2016-08-04 08:31:00
1311,465,587,4,43.08,CANCELLED,2016-08-05 16:31:00
1312,465,318,2,21.54,CONFIRMED,2016-08-03 22:31:00
1313,465,580,4,43.08,CONFIRMED,2016-08-05 13:31:00
1314,466,747,1,13.91,CONFIRMED,2016-08-05 14:14:00
1315,466,334,1,13.91,CONFIRMED,2016-08-05 08:14:00
1316,466,92,1,13.91,CONFIRMED,2016-08-06 19:14:00
1317,466,821,1,13.91,CONFIRMED,2016-08-06 01:14:00
1318,466,641,1,13.91,CONFIRMED,2016-08-07 06:14:00
1319,466,682,1,13.91,PENDING,2016-08-04 19:14:00
1320,466,640,1,13.91,PENDING,2016-08-04 22:14:00
1321,467,770,1,16.45,CONFIRMED,2016-08-04 20:28:00
1322,467,488,2,32.9,PENDING,2016-08-06 05:28:00
1323,468,252,3,81.69,CANCELLED,2016-08-05 09:17:00
1324,468,851,1,27.23,CANCELLED,2016-08-06 00:17:00
1325,469,604,1,14.21,CONFIRMED,2016-08-06 20:15:00
1326,469,47,2,28.42,CONFIRMED,2016-08-05 00:15:00
1327,469,504,2,28.42,CONFIRMED,2016-08-07 08:15:00
1328,469,884,1,14.21,PENDING,2016-08-04 22:15:00
1329,470,293,2,24.38,CONFIRMED,2016-08-08 04:17:00
1330,470,148,2,24.38,CONFIRMED,2016-08-06 11:17:00
1331,471,61,3,19.89,CONFIRMED,2016-08-08 08:37:00
1332,471,630,3,19.89,CONFIRMED,2016-08-06 23:37:00
1333,472,423,2,40.98,CONFIRMED,2016-08-08 01:02:00
1334,472,916,1,20.49,CONFIRMED,2016-08-07 10:02:00
1335,473,522,1,10.3,CONFIRMED,2016-08-07 04:50:00
1336,473,772,2,20.6,CONFIRMED,2016-08-08 12:50:00
1337,473,518,2,20.6,CONFIRMED,2016-08-07 15:50:00
1338,473,396,1,10.3,CONFIRMED,2016-08-08 08:50:00
1339,474,783,3,53.25,CONFIRMED,2016-08-07 08:28:00
1340,474,570,3,53.25,CONFIRMED,2016-08-08 12:28:00
1341,475,209,1,4.0,CONFIRMED,2016-08-06 17:20:00
1342,475,803,1,4.0,PENDING,2016-08-06 14:20:00
1343,475,993,1,4.0,CONFIRMED,2016-08-07 02:20:00
1344,475,146,1,4.0,CONFIRMED,2016-08-08 16:20:00
1345,475,384,1,4.0,CONFIRMED,2016-08-07 00:20:00
1346,476,614,2,18.76,PENDING,2016-08-08 10:50:00
1347,476,258,2,18.76,CONFIRMED,2016-08-06 17:50:00
1348,477,308,1,4.34,CONFIRMED,2016-08-08 23:15:00
1349,478,743,2,17.56,CANCELLED,2016-08-08 13:04:00
1350,478,570,3,26.34,CONFIRMED,2016-08-07 23:04:00
1351,479,970,2,46.94,CONFIRMED,2016-08-08 22:56:00
1352,479,351,2,46.94,CONFIRMED,2016-08-08 21:56:00
1353,479,651,1,23.47,CANCELLED,2016-08-09 22:56:00
1354,479,268,1,23.47,CONFIRMED,2016-08-10 15:56:00
1355,479,771,1,23.47,CONFIRMED,2016-08-08 11:56:00
1356,479,725,2,46.94,CONFIRMED,2016-08-07 19:56:00
1357,480,808,6,25.92,CONFIRMED,2016-08-07 20:53:00
1358,481,914,6,86.16,CONFIRMED,2016-08-10 02:49:00
1359,482,997,2,31.18,CONFIRMED,2016-08-10 17:47:00
1360,482,833,1,15.59,CONFIRMED,2016-08-09 18:47:00
1361,482,386,2,31.18,CONFIRMED,2016-08-10 16:47:00
1362,483,698,2,14.02,CONFIRMED,2016-08-09 21:53:00
1363,483,945,1,7.01,CONFIRMED,2016-08-08 20:53:00
1364,483,728,2,14.02,CONFIRMED,2016-08-08 20:53:00
1365,484,725,1,25.74,CONFIRMED,2016-08-09 10:14:00
1366,484,622,1,25.74,CANCELLED,2016-08-08 20:14:00
1367,484,215,1,25.74,CONFIRMED,2016-08-10 12:14:00
1368,485,67,1,26.99,CONFIRMED,2016-08-10 20:32:00
1369,485,603,2,53.98,CANCELLED,2016-08-10 07:32:00
1370,486,747,3,12.0,CONFIRMED,2016-08-08 21:37:00
1371,486,802,3,12.0,CONFIRMED,2016-08-08 18:37:00
1372,486,281,2,8.0,CONFIRMED,2016-08-09 11:37:00
1373,486,197,3,12.0,CONFIRMED,2016-08-11 11:37:00
1374,486,869,2,8.0,CONFIRMED,2016-08-09 13:37:00
1375,487,125,2,8.0,CONFIRMED,2016-08-09 01:59:00
1376,487,698,1,4.0,CANCELLED,2016-08-10 15:59:00
1377,487,531,1,4.0,CONFIRMED,2016-08-09 14:59:00
1378,488,461,2,42.94,CONFIRMED,2016-08-12 14:49:00
1379,488,324,3,64.41,CONFIRMED,2016-08-10 11:49:00
1380,488,6,1,21.47,CANCELLED,2016-08-11 16:49:00
1381,488,402,1,21.47,CONFIRMED,2016-08-12 09:49:00
1382,488,200,3,64.41,CONFIRMED,2016-08-12 14:49:00
1383,489,443,3,13.74,CANCELLED,2016-08-11 09:56:00
1384,489,829,1,4.58,CONFIRMED,2016-08-11 11:56:00
1385,489,25,2,9.16,CANCELLED,2016-08-10 23:56:00
1386,489,608,3,13.74,CONFIRMED,2016-08-12 08:56:00
1387,490,616,1,2.78,CONFIRMED,2016-08-27 10:11:00
1388,490,636,1,2.78,CONFIRMED,2016-08-27 09:11:00
1389,490,451,1,2.78,CONFIRMED,2016-08-25 09:11:00
1390,490,784,1,2.78,CONFIRMED,2016-08-25 10:11:00
1391,490,98,1,2.78,CONFIRMED,2016-08-27 10:11:00
1392,490,642,1,2.78,CONFIRMED,2016-08-25 17:11:00
1393,490,459,1,2.78,CONFIRMED,2016-08-25 13:11:00
1394,491,887,3,48.12,CONFIRMED,2016-08-30 00:51:00
1395,491,615,2,32.08,CONFIRMED,2016-08-30 04:51:00
1396,492,348,1,20.53,CONFIRMED,2016-08-30 22:21:00
1397,493,111,1,13.21,CONFIRMED,2016-09-01 09:49:00
1398,493,106,3,39.63,CONFIRMED,2016-08-31 17:49:00
1399,494,130,2,31.52,CONFIRMED,2016-08-31 02:37:00
1400,494,654,1,15.76,CONFIRMED,2016-09-02 05:37:00
1401,494,523,1,15.76,CONFIRMED,2016-08-31 03:37:00
1402,494,263,2,31.52,CONFIRMED,2016-08-30 13:37:00
1403,494,364,1,15.76,CONFIRMED,2016-08-31 19:37:00
1404,495,352,3,26.37,CONFIRMED,2016-09-01 23:56:00
1405,495,299,1,8.79,CONFIRMED,2016-08-30 18:56:00
1406,495,378,1,8.79,CONFIRMED,2016-09-01 16:56:00
1407,495,995,1,8.79,CONFIRMED,2016-09-01 16:56:00
1408,495,9,1,8.79,CONFIRMED,2016-08-31 05:56:00
1409,496,616,1,25.34,CONFIRMED,2016-09-03 04:25:00
1410,496,711,1,25.34,CONFIRMED,2016-09-02 23:25:00
1411,496,340,1,25.34,CONFIRMED,2016-09-05 09:25:00
1412,496,874,1,25.34,CONFIRMED,2016-09-02 22:25:00
1413,497,220,1,2.47,CANCELLED,2016-09-04 15:02:00
1414,497,246,1,2.47,CONFIRMED,2016-09-06 15:02:00
1415,497,494,1,2.47,CONFIRMED,2016-09-04 18:02:00
1416,498,570,1,17.72,CONFIRMED,2016-09-04 08:49:00
1417,499,648,2,8.82,CONFIRMED,2016-09-06 14:21:00
1418,499,601,1,4.41,CONFIRMED,2016-09-05 19:21:00
1419,500,908,2,13.42,CONFIRMED,2016-09-05 12:12:00
1420,501,253,2,3.36,CANCELLED,2016-09-09 11:59:00
1421,501,183,1,1.68,CONFIRMED,2016-09-08 23:59:00
1422,501,202,2,3.36,CANCELLED,2016-09-07 22:59:00
1423,501,23,2,3.36,CONFIRMED,2016-09-07 14:59:00
1424,501,181,1,1.68,CANCELLED,2016-09-07 06:59:00
1425,502,122,2,27.4,CANCELLED,2016-09-09 17:28:00
1426,503,198,2,13.78,CONFIRMED,2016-09-09 16:51:00
1427,503,547,3,20.67,CONFIRMED,2016-09-10 01:51:00
1428,504,782,2,42.74,CANCELLED,2016-09-10 07:40:00
1429,505,337,1,26.31,CONFIRMED,2016-09-10 20:07:00
1430,505,254,1,26.31,CANCELLED,2016-09-09 17:07:00
1431,506,746,2,33.9,CONFIRMED,2016-09-12 02:15:00
1432,506,85,1,16.95,CONFIRMED,2016-09-09 17:15:00
1433,507,511,1,20.86,CONFIRMED,2016-09-10 13:04:00
1434,507,532,2,41.72,CONFIRMED,2016-09-09 21:04:00
1435,507,476,2,41.72,CONFIRMED,2016-09-10 09:04:00
1436,508,945,1,5.16,CANCELLED,2016-09-10 04:07:00
1437,508,811,1,5.16,CONFIRMED,2016-09-10 22:07:00
1438,508,599,1,5.16,CANCELLED,2016-09-11 17:07:00
1439,508,667,1,5.16,CONFIRMED,2016-09-12 03:07:00
1440,508,38,1,5.16,CONFIRMED,2016-09-11 00:07:00
1441,508,214,1,5.16,CONFIRMED,2016-09-11 08:07:00
1442,509,43,1,2.16,CONFIRMED,2016-09-10 03:44:00
1443,509,478,1,2.16,CONFIRMED,2016-09-09 23:44:00
1444,509,526,1,2.16,CONFIRMED,2016-09-12 11:44:00
1445,510,454,2,6.12,CONFIRMED,2016-09-15 16:31:00
1446,510,241,1,3.06,CONFIRMED,2016-09-14 21:31:00
1447,511,806,3,4.11,CANCELLED,2016-09-22 03:39:00
1448,512,74,3,4.56,CONFIRMED,2016-09-21 16:22:00
1449,513,203,2,4.46,CONFIRMED,2016-09-21 23:26:00
1450,513,693,1,2.23,CONFIRMED,2016-09-22 17:26:00
1451,513,339,2,4.46,CONFIRMED,2016-09-21 20:26:00
1452,514,844,2,2.66,CANCELLED,2016-09-23 11:22:00
1453,514,356,2,2.66,CONFIRMED,2016-09-22 17:22:00
1454,514,803,2,2.66,CONFIRMED,2016-09-22 10:22:00
1455,515,241,1,3.5,CONFIRMED,2016-09-21 01:32:00
1456,515,530,1,3.5,CONFIRMED,2016-09-21 20:32:00
1457,515,603,1,3.5,CONFIRMED,2016-09-21 07:32:00
1458,515,806,1,3.5,CONFIRMED,2016-09-20 13:32:00
1459,516,385,2,9.36,CONFIRMED,2016-09-23 18:06:00
1460,517,967,2,10.88,CANCELLED,2016-09-22 16:01:00
1461,517,757,2,10.88,CONFIRMED,2016-09-22 07:01:00
1462,517,10,2,10.88,CONFIRMED,2016-09-21 17:01:00
1463,518,335,1,4.78,CANCELLED,2016-09-23 20:25:00
1464,518,603,2,9.56,CONFIRMED,2016-09-22 13:25:00
1465,518,24,2,9.56,CONFIRMED,2016-09-22 13:25:00
1466,519,549,4,19.12,CONFIRMED,2016-09-24 04:22:00
1467,520,585,2,15.04,CONFIRMED,2016-09-24 21:13:00
1468,520,987,1,7.52,CONFIRMED,2016-09-22 20:13:00
1469,520,464,1,7.52,CONFIRMED,2016-09-25 02:13:00
1470,521,292,1,6.52,CONFIRMED,2016-09-23 12:27:00
1471,521,212,1,6.52,CONFIRMED,2016-09-23 07:27:00
1472,521,240,1,6.52,CONFIRMED,2016-09-24 21:27:00
1473,521,300,1,6.52,CONFIRMED,2016-09-22 22:27:00
1474,522,71,1,3.86,CONFIRMED,2016-09-26 04:58:00
1475,522,400,1,3.86,CONFIRMED,2016-09-24 18:58:00
1476,522,980,1,3.86,CONFIRMED,2016-09-25 15:58:00
1477,523,209,2,12.48,CONFIRMED,2016-09-26 16:47:00
1478,523,516,2,12.48,CONFIRMED,2016-09-25 07:47:00
1479,523,735,3,18.72,CANCELLED,2016-09-24 15:47:00
1480,523,703,2,12.48,CANCELLED,2016-09-24 20:47:00
1481,523,471,2,12.48,CONFIRMED,2016-09-27 05:47:00
1482,524,296,4,20.28,CONFIRMED,2016-09-26 01:08:00
1483,525,629,1,5.85,CONFIRMED,2016-09-26 18:01:00
1484,525,845,1,5.85,CONFIRMED,2016-09-26 17:01:00
1485,525,831,1,5.85,CONFIRMED,2016-09-27 11:01:00
1486,525,872,1,5.85,CANCELLED,2016-09-26 20:01:00
1487,526,905,2,6.02,CONFIRMED,2016-09-28 03:16:00
1488,526,645,1,3.01,CANCELLED,2016-09-26 07:16:00
1489,526,552,1,3.01,PENDING,2016-09-28 02:16:00
1490,527,518,3,19.92,CONFIRMED,2016-09-27 16:33:00
1491,528,214,1,5.34,CONFIRMED,2016-09-30 00:15:00
1492,528,520,2,10.68,CONFIRMED,2016-09-28 06:15:00
1493,529,408,1,4.91,CONFIRMED,2016-09-29 17:35:00
1494,529,39,2,9.82,CONFIRMED,2016-09-27 23:35:00
1495,530,474,1,5.34,CONFIRMED,2016-09-28 03:33:00
1496,530,70,1,5.34,CONFIRMED,2016-09-29 00:33:00
1497,530,85,1,5.34,CONFIRMED,2016-09-30 09:33:00
1498,530,563,1,5.34,CONFIRMED,2016-09-29 20:33:00
1499,531,173,1,2.37,CONFIRMED,2016-09-29 18:29:00
1500,531,80,1,2.37,CONFIRMED,2016-09-29 10:29:00
1501,531,689,1,2.37,CANCELLED,2016-09-27 17:29:00
1502,531,783,1,2.37,CONFIRMED,2016-09-30 07:29:00
1503,532,401,3,10.32,CONFIRMED,2016-09-30 16:21:00
1504,533,792,4,39.36,CONFIRMED,2016-10-02 09:09:00
1505,534,932,1,12.81,CONFIRMED,2016-10-03 14:17:00
1506,534,245,1,12.81,CONFIRMED,2016-10-02 17:17:00
1507,534,205,1,12.81,CONFIRMED,2016-10-03 05:17:00
1508,535,743,1,10.74,CONFIRMED,2016-10-03 04:51:00
1509,535,172,2,21.48,CONFIRMED,2016-10-02 17:51:00
1510,536,958,2,8.0,CANCELLED,2016-10-03 06:04:00
1511,536,555,1,4.0,CONFIRMED,2016-10-02 00:04:00
1512,537,178,2,40.8,CONFIRMED,2016-10-04 07:50:00
1513,537,16,2,40.8,CONFIRMED,2016-10-03 04:50:00
1514,538,674,3,73.53,CONFIRMED,2016-10-02 12:17:00
1515,539,70,2,29.9,CONFIRMED,2016-10-03 16:49:00
1516,540,731,2,22.1,CONFIRMED,2016-10-06 04:23:00
1517,541,648,1,23.73,CONFIRMED,2016-10-05 01:37:00
1518,541,715,2,47.46,CONFIRMED,2016-10-06 15:37:00
1519,541,399,2,47.46,CONFIRMED,2016-10-05 12:37:00
1520,542,239,1,4.0,CONFIRMED,2016-10-06 03:46:00
1521,543,243,2,32.84,CONFIRMED,2016-10-07 02:56:00
1522,543,757,2,32.84,CONFIRMED,2016-10-05 20:56:00
1523,543,439,2,32.84,CONFIRMED,2016-10-06 07:56:00
1524,544,244,4,64.6,CONFIRMED,2016-10-05 16:27:00
1525,545,286,6,62.58,CONFIRMED,2016-10-07 07:52:00
1526,545,327,5,52.15,CONFIRMED,2016-10-05 07:52:00
1527,546,770,2,52.26,CONFIRMED,2016-10-06 11:29:00
1528,546,25,1,26.13,CANCELLED,2016-10-06 06:29:00
1529,546,235,1,26.13,CONFIRMED,2016-10-05 13:29:00
1530,547,189,1,22.77,CONFIRMED,2016-10-05 00:47:00
1531,547,454,1,22.77,PENDING,2016-10-07 08:47:00
1532,547,646,1,22.77,CANCELLED,2016-10-06 22:47:00
1533,548,178,2,25.82,CONFIRMED,2016-10-07 07:08:00
1534,549,744,1,14.31,CONFIRMED,2016-10-06 19:33:00
1535,549,480,1,14.31,CONFIRMED,2016-10-05 08:33:00
1536,549,320,1,14.31,CONFIRMED,2016-10-05 04:33:00
1537,549,169,1,14.31,PENDING,2016-10-05 19:33:00
1538,550,388,1,2.3,CONFIRMED,2016-10-06 03:32:00
1539,550,172,1,2.3,CANCELLED,2016-10-05 21:32:00
1540,550,484,1,2.3,CONFIRMED,2016-10-06 04:32:00
1541,550,453,1,2.3,CONFIRMED,2016-10-06 20:32:00
1542,551,568,1,3.12,CONFIRMED,2016-10-06 01:41:00
1543,551,746,2,6.24,CONFIRMED,2016-10-06 12:41:00
1544,552,621,2,9.06,CONFIRMED,2016-10-07 14:03:00
1545,552,493,1,4.53,CONFIRMED,2016-10-05 22:03:00
1546,552,74,2,9.06,CONFIRMED,2016-10-06 09:03:00
1547,552,342,2,9.06,PENDING,2016-10-06 15:03:00
1548,552,140,2,9.06,CONFIRMED,2016-10-08 05:03:00
1549,553,908,1,26.04,CANCELLED,2016-10-07 21:15:00
1550,553,40,1,26.04,CONFIRMED,2016-10-07 09:15:00
1551,553,945,1,26.04,CONFIRMED,2016-10-06 03:15:00
1552,553,129,1,26.04,CONFIRMED,2016-10-06 16:15:00
1553,554,754,1,23.22,CANCELLED,2016-10-07 15:04:00
1554,554,253,1,23.22,CONFIRMED,2016-10-08 19:04:00
1555,554,249,1,23.22,CONFIRMED,2016-10-08 19:04:00
1556,554,490,1,23.22,CONFIRMED,2016-10-08 17:04:00
1557,555,120,1,4.58,CONFIRMED,2016-10-08 10:04:00
1558,556,725,1,2.06,CONFIRMED,2016-10-09 12:23:00
1559,556,602,1,2.06,CONFIRMED,2016-10-08 06:23:00
1560,556,999,1,2.06,CONFIRMED,2016-10-07 20:23:00
1561,556,924,1,2.06,CONFIRMED,2016-10-08 08:23:00
1562,557,112,3,94.95,CANCELLED,2016-10-09 06:22:00
1563,558,954,2,61.68,CONFIRMED,2016-10-10 16:33:00
1564,558,767,1,30.84,CANCELLED,2016-10-10 16:33:00
1565,559,72,7,115.5,CONFIRMED,2016-10-08 05:27:00
1566,560,672,1,7.77,CONFIRMED,2016-10-11 19:18:00
1567,560,297,1,7.77,CONFIRMED,2016-10-11 19:18:00
1568,560,752,1,7.77,CONFIRMED,2016-10-11 15:18:00
1569,560,443,1,7.77,CONFIRMED,2016-10-11 19:18:00
1570,561,267,2,8.34,CONFIRMED,2016-10-13 19:14:00
1571,561,925,3,12.51,CONFIRMED,2016-10-12 19:14:00
1572,562,388,1,4.48,CONFIRMED,2016-10-13 23:31:00
1573,563,601,1,2.84,CONFIRMED,2016-10-17 23:29:00
1574,564,63,2,5.52,CONFIRMED,2016-10-18 12:04:00
1575,565,100,2,7.4,CONFIRMED,2016-10-19 10:56:00
1576,566,619,1,1.96,CANCELLED,2016-10-21 06:33:00
1577,566,534,1,1.96,CONFIRMED,2016-10-21 23:33:00
1578,566,987,1,1.96,CONFIRMED,2016-10-21 23:33:00
1579,566,781,1,1.96,CANCELLED,2016-10-21 20:33:00
1580,567,389,1,4.45,CANCELLED,2016-10-24 06:33:00
1581,567,627,1,4.45,CONFIRMED,2016-10-22 15:33:00
1582,567,59,1,4.45,CONFIRMED,2016-10-24 03:33:00
1583,567,1000,1,4.45,PENDING,2016-10-23 11:33:00
1584,568,464,2,7.68,CONFIRMED,2016-10-25 10:53:00
1585,568,635,1,3.84,PENDING,2016-10-24 17:53:00
1586,569,650,3,19.14,CANCELLED,2016-10-24 20:10:00
1587,570,241,1,6.99,CONFIRMED,2016-10-25 05:42:00
1588,570,623,1,6.99,CONFIRMED,2016-10-26 04:42:00
1589,570,498,1,6.99,CONFIRMED,2016-10-24 23:42:00
1590,570,411,1,6.99,CONFIRMED,2016-10-27 06:42:00
1591,571,854,2,7.72,CONFIRMED,2016-10-26 02:08:00
1592,571,691,1,3.86,CONFIRMED,2016-10-25 14:08:00
1593,571,563,1,3.86,CONFIRMED,2016-10-27 14:08:00
1594,572,109,4,19.84,PENDING,2016-11-01 04:22:00
1595,573,953,2,25.78,CONFIRMED,2016-10-31 06:50:00
1596,573,335,3,38.67,CONFIRMED,2016-10-29 22:50:00
1597,574,683,2,8.0,CANCELLED,2016-10-30 01:29:00
1598,575,816,3,27.0,CANCELLED,2016-11-01 08:11:00
1599,576,388,2,58.84,CONFIRMED,2016-10-29 17:35:00
1600,576,934,2,58.84,CANCELLED,2016-10-31 12:35:00
1601,576,736,2,58.84,CONFIRMED,2016-11-01 05:35:00
1602,577,93,3,18.21,CONFIRMED,2016-10-31 18:14:00
1603,578,588,3,38.46,CONFIRMED,2016-10-31 02:59:00
1604,579,592,1,4.0,CONFIRMED,2016-10-31 19:41:00
1605,579,756,1,4.0,PENDING,2016-10-31 03:41:00
1606,579,2,1,4.0,CONFIRMED,2016-11-01 03:41:00
1607,579,320,1,4.0,CONFIRMED,2016-11-01 18:41:00
1608,580,324,1,20.11,CANCELLED,2016-10-30 23:10:00
1609,580,149,1,20.11,CONFIRMED,2016-11-01 02:10:00
1610,580,836,1,20.11,CONFIRMED,2016-11-02 10:10:00
1611,580,967,1,20.11,CONFIRMED,2016-11-01 23:10:00
1612,581,870,2,26.4,CONFIRMED,2016-11-01 11:45:00
1613,581,725,2,26.4,CONFIRMED,2016-10-31 14:45:00
1614,581,589,1,13.2,PENDING,2016-10-31 20:45:00
1615,582,849,1,30.53,CANCELLED,2016-11-01 11:46:00
1616,582,735,3,91.59,CONFIRMED,2016-11-01 17:46:00
1617,583,745,1,16.65,PENDING,2016-10-30 18:34:00
1618,583,402,1,16.65,CONFIRMED,2016-10-31 04:34:00
1619,583,307,1,16.65,CONFIRMED,2016-10-31 14:34:00
1620,583,835,1,16.65,CONFIRMED,2016-11-01 04:34:00
1621,584,714,2,24.04,CONFIRMED,2016-10-31 23:53:00
1622,584,947,1,12.02,CANCELLED,2016-11-01 02:53:00
1623,584,200,2,24.04,CONFIRMED,2016-11-01 23:53:00
1624,585,714,1,2.64,CONFIRMED,2016-11-01 20:27:00
1625,585,496,1,2.64,CONFIRMED,2016-11-02 08:27:00
1626,585,300,1,2.64,CONFIRMED,2016-10-31 15:27:00
1627,585,920,1,2.64,CANCELLED,2016-11-02 09:27:00
1628,586,999,1,10.95,CONFIRMED,2016-10-31 17:28:00
1629,586,486,2,21.9,CONFIRMED,2016-11-02 15:28:00
1630,586,184,2,21.9,CONFIRMED,2016-11-02 19:28:00
1631,587,407,3,12.87,CONFIRMED,2016-11-02 13:43:00
1632,587,502,4,17.16,CONFIRMED,2016-11-03 00:43:00
1633,588,887,1,17.42,CONFIRMED,2016-11-01 04:42:00
1634,588,839,1,17.42,CONFIRMED,2016-11-02 22:42:00
1635,588,667,1,17.42,CONFIRMED,2016-10-31 19:42:00
1636,588,393,1,17.42,CONFIRMED,2016-10-31 23:42:00
1637,589,711,5,68.0,CONFIRMED,2016-11-01 00:13:00
1638,589,764,4,54.4,CONFIRMED,2016-11-02 21:13:00
1639,589,97,1,13.6,CONFIRMED,2016-10-31 17:13:00
1640,590,417,3,15.84,CONFIRMED,2016-10-31 15:38:00
1641,590,834,3,15.84,CONFIRMED,2016-10-31 19:38:00
1642,591,66,1,18.0,CONFIRMED,2016-11-02 15:51:00
1643,591,533,1,18.0,CONFIRMED,2016-11-02 18:51:00
1644,591,859,1,18.0,CONFIRMED,2016-11-02 01:51:00
1645,591,600,1,18.0,CONFIRMED,2016-11-02 15:51:00
1646,592,90,2,21.84,CANCELLED,2016-11-03 17:46:00
1647,592,577,1,10.92,PENDING,2016-11-01 05:46:00
1648,593,374,1,18.37,CONFIRMED,2016-11-04 09:02:00
1649,593,991,1,18.37,CONFIRMED,2016-11-01 15:02:00
1650,593,559,2,36.74,CONFIRMED,2016-11-02 01:02:00
1651,594,592,6,173.4,CONFIRMED,2016-11-02 20:14:00
1652,594,504,5,144.5,CONFIRMED,2016-11-03 15:14:00
1653,595,680,1,6.14,CONFIRMED,2016-11-03 20:04:00
1654,596,307,2,57.8,PENDING,2016-11-01 23:12:00
1655,596,878,2,57.8,CONFIRMED,2016-11-03 10:12:00
1656,597,748,4,52.24,CONFIRMED,2016-11-03 23:34:00
1657,597,638,3,39.18,CONFIRMED,2016-11-04 11:34:00
1658,598,468,1,8.87,CANCELLED,2016-11-04 22:29:00
1659,598,86,1,8.87,CONFIRMED,2016-11-04 06:29:00
1660,598,969,1,8.87,CONFIRMED,2016-11-02 23:29:00
1661,598,261,1,8.87,CONFIRMED,2016-11-04 21:29:00
1662,599,808,1,34.42,PENDING,2016-11-04 11:20:00
1663,599,445,1,34.42,CONFIRMED,2016-11-02 22:20:00
1664,599,389,1,34.42,CONFIRMED,2016-11-03 14:20:00
1665,600,338,1,16.24,CONFIRMED,2016-11-04 15:50:00
1666,601,151,2,51.92,CONFIRMED,2016-11-06 03:05:00
1667,601,891,4,103.84,PENDING,2016-11-05 11:05:00
1668,601,819,4,103.84,PENDING,2016-11-06 00:05:00
1669,602,541,2,43.08,CONFIRMED,2016-11-04 01:27:00
1670,602,747,1,21.54,CONFIRMED,2016-11-05 03:27:00
1671,603,623,1,4.0,CONFIRMED,2016-11-04 17:04:00
1672,603,102,1,4.0,CONFIRMED,2016-11-03 22:04:00
1673,603,920,2,8.0,CONFIRMED,2016-11-06 02:04:00
1674,604,10,1,15.97,CONFIRMED,2016-11-06 01:06:00
1675,604,704,2,31.94,CONFIRMED,2016-11-05 09:06:00
1676,604,526,1,15.97,CANCELLED,2016-11-04 20:06:00
1677,605,696,2,21.6,CONFIRMED,2016-11-06 12:28:00
1678,605,625,2,21.6,PENDING,2016-11-05 00:28:00
1679,606,283,1,4.27,CONFIRMED,2016-11-07 07:17:00
1680,606,977,2,8.54,CONFIRMED,2016-11-06 02:17:00
1681,606,439,1,4.27,CONFIRMED,2016-11-07 09:17:00
1682,607,969,1,5.9,CONFIRMED,2016-11-07 21:20:00
1683,607,96,3,17.7,CONFIRMED,2016-11-05 16:20:00
1684,608,897,1,15.82,CONFIRMED,2016-11-05 16:29:00
1685,608,11,1,15.82,CONFIRMED,2016-11-07 09:29:00
1686,608,987,1,15.82,CONFIRMED,2016-11-05 13:29:00
1687,608,973,1,15.82,CONFIRMED,2016-11-05 14:29:00
1688,608,436,1,15.82,CONFIRMED,2016-11-07 12:29:00
1689,608,695,1,15.82,CONFIRMED,2016-11-06 11:29:00
1690,608,522,1,15.82,CONFIRMED,2016-11-08 03:29:00
1691,609,508,1,19.72,CONFIRMED,2016-11-07 04:16:00
1692,609,389,1,19.72,CONFIRMED,2016-11-05 22:16:00
1693,609,175,1,19.72,CONFIRMED,2016-11-08 11:16:00
1694,609,383,1,19.72,CONFIRMED,2016-11-06 20:16:00
1695,610,959,4,72.52,CANCELLED,2016-11-05 22:41:00
1696,611,365,1,12.55,CONFIRMED,2016-11-06 21:21:00
1697,612,364,3,25.83,CANCELLED,2016-11-08 13:08:00
1698,612,110,4,34.44,CONFIRMED,2016-11-09 00:08:00
1699,612,6,4,34.44,CONFIRMED,2016-11-09 02:08:00
1700,613,422,2,7.28,CONFIRMED,2016-11-08 05:18:00
1701,613,127,1,3.64,CONFIRMED,2016-11-07 14:18:00
1702,614,375,1,10.56,CONFIRMED,2016-11-08 04:58:00
1703,614,440,1,10.56,PENDING,2016-11-07 06:58:00
1704,614,915,1,10.56,CONFIRMED,2016-11-07 07:58:00
1705,615,369,2,13.48,CONFIRMED,2016-11-08 04:31:00
1706,616,137,4,53.48,CONFIRMED,2016-11-07 23:09:00
1707,617,166,6,88.92,CONFIRMED,2016-11-07 04:21:00
1708,618,122,2,15.66,CONFIRMED,2016-11-09 01:40:00
1709,618,432,2,15.66,CONFIRMED,2016-11-07 14:40:00
1710,618,501,2,15.66,CONFIRMED,2016-11-09 04:40:00
1711,619,130,1,13.14,CONFIRMED,2016-11-09 18:52:00
1712,620,54,2,17.84,CONFIRMED,2016-11-09 19:56:00
1713,620,696,2,17.84,CONFIRMED,2016-11-08 08:56:00
1714,621,85,3,44.88,CONFIRMED,2016-11-07 15:46:00
1715,621,781,1,14.96,CONFIRMED,2016-11-09 18:46:00
1716,621,440,2,29.92,PENDING,2016-11-09 01:46:00
1717,621,254,3,44.88,CANCELLED,2016-11-09 07:46:00
1718,622,725,3,57.18,CONFIRMED,2016-11-09 10:20:00
1719,622,803,1,19.06,PENDING,2016-11-09 14:20:00
1720,622,831,1,19.06,CONFIRMED,2016-11-08 06:20:00
1721,622,106,1,19.06,CONFIRMED,2016-11-09 09:20:00
1722,623,438,3,49.29,CONFIRMED,2016-11-10 07:57:00
1723,623,19,2,32.86,CONFIRMED,2016-11-08 22:57:00
1724,624,228,2,37.56,CONFIRMED,2016-11-07 21:17:00
1725,624,345,2,37.56,CONFIRMED,2016-11-09 00:17:00
1726,625,276,3,12.0,CONFIRMED,2016-11-08 18:30:00
1727,626,254,1,11.97,CONFIRMED,2016-11-10 12:18:00
1728,626,329,1,11.97,CONFIRMED,2016-11-08 06:18:00
1729,626,918,1,11.97,CANCELLED,2016-11-10 06:18:00
1730,626,49,1,11.97,CONFIRMED,2016-11-08 04:18:00
1731,627,343,1,17.21,CONFIRMED,2016-11-08 10:35:00
1732,627,312,1,17.21,CONFIRMED,2016-11-09 10:35:00
1733,627,115,2,34.42,CONFIRMED,2016-11-09 21:35:00
1734,628,599,1,20.13,CANCELLED,2016-11-10 19:58:00
1735,628,394,3,60.39,CONFIRMED,2016-11-10 20:58:00
1736,629,602,2,8.0,CONFIRMED,2016-11-09 04:20:00
1737,630,78,3,48.81,CONFIRMED,2016-11-09 01:39:00
1738,631,547,1,24.65,CONFIRMED,2016-11-10 17:30:00
1739,631,739,2,49.3,CONFIRMED,2016-11-10 09:30:00
1740,632,918,1,13.57,CANCELLED,2016-11-11 12:08:00
1741,632,375,2,27.14,CONFIRMED,2016-11-09 04:08:00
1742,632,460,1,13.57,CONFIRMED,2016-11-10 09:08:00
1743,633,297,3,42.72,CONFIRMED,2016-11-11 09:32:00
1744,633,47,3,42.72,CANCELLED,2016-11-09 18:32:00
1745,634,547,2,37.2,CONFIRMED,2016-11-10 08:55:00
1746,634,893,2,37.2,CONFIRMED,2016-11-10 23:55:00
1747,634,527,1,18.6,CONFIRMED,2016-11-11 13:55:00
1748,634,996,1,18.6,CONFIRMED,2016-11-12 08:55:00
1749,634,77,2,37.2,CONFIRMED,2016-11-09 14:55:00
1750,634,170,2,37.2,CONFIRMED,2016-11-11 05:55:00
1751,635,726,1,16.98,CONFIRMED,2016-11-12 07:07:00
1752,635,275,1,16.98,CONFIRMED,2016-11-11 18:07:00
1753,635,566,2,33.96,CANCELLED,2016-11-11 02:07:00
1754,636,659,2,40.8,PENDING,2016-11-11 10:46:00
1755,637,2,3,46.74,CONFIRMED,2016-11-10 14:22:00
1756,638,87,5,81.1,CONFIRMED,2016-11-11 21:14:00
1757,638,971,4,64.88,CANCELLED,2016-11-11 01:14:00
1758,638,724,3,48.66,PENDING,2016-11-12 13:14:00
1759,639,225,2,17.48,CONFIRMED,2016-11-12 12:25:00
1760,639,750,1,8.74,CONFIRMED,2016-11-10 14:25:00
1761,639,990,2,17.48,CANCELLED,2016-11-09 16:25:00
1762,640,837,2,27.28,CONFIRMED,2016-11-11 12:40:00
1763,640,453,5,68.2,CONFIRMED,2016-11-10 12:40:00
1764,641,458,4,22.68,CONFIRMED,2016-11-10 03:17:00
1765,641,239,1,5.67,CONFIRMED,2016-11-10 06:17:00
1766,642,837,1,4.1,CONFIRMED,2016-11-15 16:45:00
1767,642,885,3,12.3,CONFIRMED,2016-11-16 18:45:00
1768,643,319,2,4.88,CANCELLED,2016-11-20 09:23:00
1769,644,72,1,3.73,CONFIRMED,2016-11-20 04:44:00
1770,644,147,3,11.19,PENDING,2016-11-22 02:44:00
1771,645,746,1,10.19,CONFIRMED,2016-11-23 00:55:00
1772,645,770,2,20.38,CONFIRMED,2016-11-24 23:55:00
1773,646,136,2,4.58,CONFIRMED,2016-11-23 16:34:00
1774,647,963,3,4.95,CONFIRMED,2016-11-25 08:01:00
1775,647,644,1,1.65,CONFIRMED,2016-11-23 14:01:00
1776,648,208,2,4.56,CONFIRMED,2016-11-23 02:13:00
1777,649,316,2,7.56,CONFIRMED,2016-11-25 07:29:00
1778,649,341,3,11.34,CONFIRMED,2016-11-22 17:29:00
1779,650,22,1,7.27,CONFIRMED,2016-11-24 03:54:00
1780,651,525,4,25.28,CONFIRMED,2016-11-25 11:56:00
1781,652,233,4,10.8,CONFIRMED,2016-11-24 20:49:00
1782,653,232,2,4.14,CONFIRMED,2016-11-26 21:22:00
1783,653,945,2,4.14,CONFIRMED,2016-11-26 21:22:00
1784,653,902,1,2.07,CONFIRMED,2016-11-25 23:22:00
1785,654,79,1,2.71,CONFIRMED,2016-11-27 04:31:00
1786,654,632,1,2.71,CONFIRMED,2016-11-26 16:31:00
1787,654,343,2,5.42,CONFIRMED,2016-11-26 15:31:00
1788,655,154,1,2.94,CONFIRMED,2016-11-26 04:45:00
1789,655,916,1,2.94,CANCELLED,2016-11-26 06:45:00
1790,655,685,1,2.94,CONFIRMED,2016-11-26 07:45:00
1791,655,705,1,2.94,CONFIRMED,2016-11-26 21:45:00
1792,656,329,4,18.84,CONFIRMED,2016-11-25 05:51:00
1793,656,152,1,4.71,CONFIRMED,2016-11-25 12:51:00
1794,657,149,1,1.98,CONFIRMED,2016-11-26 07:35:00
1795,657,93,2,3.96,CONFIRMED,2016-11-26 02:35:00
1796,657,332,2,3.96,CONFIRMED,2016-11-26 04:35:00
1797,658,142,1,4.08,CONFIRMED,2016-11-25 12:01:00
1798,658,823,2,8.16,CONFIRMED,2016-11-25 19:01:00
1799,658,968,1,4.08,CONFIRMED,2016-11-26 05:01:00
1800,659,721,1,2.33,CONFIRMED,2016-11-27 09:37:00
1801,659,90,1,2.33,CONFIRMED,2016-11-25 23:37:00
1802,660,945,1,22.65,CANCELLED,2016-11-26 13:56:00
1803,660,113,1,22.65,CONFIRMED,2016-11-27 17:56:00
1804,661,249,1,1.75,CONFIRMED,2016-11-29 00:16:00
1805,661,216,1,1.75,CONFIRMED,2016-11-29 12:16:00
1806,661,849,1,1.75,CONFIRMED,2016-11-29 02:16:00
1807,661,230,1,1.75,CONFIRMED,2016-11-28 19:16:00
1808,662,151,3,8.49,CONFIRMED,2016-11-28 10:16:00
1809,663,13,4,76.04,CONFIRMED,2016-11-30 07:44:00
1810,664,763,3,44.55,CONFIRMED,2016-11-29 12:37:00
1811,664,145,4,59.4,CONFIRMED,2016-12-01 06:37:00
1812,664,768,3,44.55,CONFIRMED,2016-12-01 00:37:00
1813,664,542,1,14.85,CONFIRMED,2016-11-30 09:37:00
1814,665,12,2,31.98,CONFIRMED,2016-11-29 07:00:00
1815,665,407,3,47.97,CONFIRMED,2016-11-30 08:00:00
1816,666,514,1,4.12,CONFIRMED,2016-12-01 08:36:00
1817,666,314,2,8.24,PENDING,2016-12-01 03:36:00
1818,666,728,1,4.12,CONFIRMED,2016-12-01 12:36:00
1819,666,233,1,4.12,CONFIRMED,2016-11-28 20:36:00
1820,666,434,1,4.12,CANCELLED,2016-11-29 08:36:00
1821,667,321,1,16.45,CONFIRMED,2016-11-30 12:12:00
1822,667,670,1,16.45,CONFIRMED,2016-12-01 22:12:00
1823,667,659,1,16.45,CONFIRMED,2016-11-30 17:12:00
1824,667,416,1,16.45,CONFIRMED,2016-12-01 15:12:00
1825,668,67,2,18.92,CONFIRMED,2016-11-30 21:07:00
1826,669,565,3,18.99,CANCELLED,2016-12-01 13:41:00
1827,669,207,2,12.66,CONFIRMED,2016-12-02 14:41:00
1828,670,47,1,13.76,CONFIRMED,2016-12-01 00:59:00
1829,670,50,1,13.76,PENDING,2016-11-30 05:59:00
1830,670,324,1,13.76,CONFIRMED,2016-11-30 19:59:00
1831,670,96,1,13.76,PENDING,2016-12-02 09:59:00
1832,671,418,1,4.0,CONFIRMED,2016-12-02 22:35:00
1833,671,920,1,4.0,CONFIRMED,2016-12-01 17:35:00
1834,671,760,2,8.0,CONFIRMED,2016-12-03 13:35:00
1835,672,166,2,41.18,CONFIRMED,2016-12-03 07:08:00
1836,672,156,1,20.59,CANCELLED,2016-12-03 00:08:00
1837,672,699,1,20.59,PENDING,2016-12-01 02:08:00
1838,673,459,2,43.64,CONFIRMED,2016-12-01 12:31:00
1839,673,806,1,21.82,CANCELLED,2016-12-01 18:31:00
1840,673,135,1,21.82,CONFIRMED,2016-12-03 10:31:00
1841,674,582,2,29.14,CONFIRMED,2016-12-04 16:56:00
1842,674,644,1,14.57,CONFIRMED,2016-12-03 02:56:00
1843,675,512,1,1.87,CONFIRMED,2016-12-03 21:15:00
1844,676,166,2,14.88,CONFIRMED,2016-12-04 10:23:00
1845,676,70,1,7.44,CONFIRMED,2016-12-02 09:23:00
1846,676,287,2,14.88,PENDING,2016-12-03 11:23:00
1847,677,667,1,13.79,PENDING,2016-12-03 03:04:00
1848,677,948,1,13.79,CONFIRMED,2016-12-04 05:04:00
1849,677,144,1,13.79,CONFIRMED,2016-12-05 01:04:00
1850,677,964,1,13.79,CONFIRMED,2016-12-04 01:04:00
1851,678,86,4,16.0,CONFIRMED,2016-12-05 13:22:00
1852,678,700,1,4.0,CONFIRMED,2016-12-04 11:22:00
1853,678,425,1,4.0,CONFIRMED,2016-12-05 05:22:00
1854,679,385,2,32.88,CANCELLED,2016-12-06 07:03:00
1855,679,163,2,32.88,CANCELLED,2016-12-07 00:03:00
1856,679,584,2,32.88,CONFIRMED,2016-12-04 15:03:00
1857,680,112,1,20.32,CANCELLED,2016-12-05 09:35:00
1858,680,88,1,20.32,CONFIRMED,2016-12-05 17:35:00
1859,680,186,1,20.32,CONFIRMED,2016-12-04 21:35:00
1860,680,751,1,20.32,CONFIRMED,2016-12-04 23:35:00
1861,681,287,4,50.0,CONFIRMED,2016-12-06 23:53:00
1862,682,150,1,11.04,PENDING,2016-12-05 20:13:00
1863,682,656,1,11.04,CANCELLED,2016-12-05 22:13:00
1864,682,219,1,11.04,PENDING,2016-12-06 17:13:00
1865,682,328,1,11.04,CONFIRMED,2016-12-07 18:13:00
1866,683,277,1,16.46,CONFIRMED,2016-12-07 02:19:00
1867,683,259,1,16.46,CONFIRMED,2016-12-06 04:19:00
1868,683,651,1,16.46,CONFIRMED,2016-12-07 04:19:00
1869,683,181,1,16.46,CANCELLED,2016-12-08 02:19:00
1870,684,351,2,35.62,CONFIRMED,2016-12-06 08:53:00
1871,684,988,4,71.24,CONFIRMED,2016-12-07 17:53:00
1872,684,772,4,71.24,CONFIRMED,2016-12-06 12:53:00
1873,684,305,1,17.81,CONFIRMED,2016-12-07 12:53:00
1874,685,742,2,47.5,CONFIRMED,2016-12-07 02:22:00
1875,686,156,4,60.6,CANCELLED,2016-12-06 05:26:00
1876,687,117,2,18.96,CONFIRMED,2016-12-09 11:09:00
1877,687,813,2,18.96,CANCELLED,2016-12-08 19:09:00
1878,687,995,2,18.96,CONFIRMED,2016-12-08 23:09:00
1879,688,225,2,22.62,CONFIRMED,2016-12-06 15:15:00
1880,689,617,1,16.46,CONFIRMED,2016-12-08 19:11:00
1881,689,388,3,49.38,CONFIRMED,2016-12-09 18:11:00
1882,690,835,3,82.35,CANCELLED,2016-12-07 05:03:00
1883,690,373,1,27.45,CONFIRMED,2016-12-07 11:03:00
1884,690,17,4,109.8,CONFIRMED,2016-12-08 00:03:00
1885,691,557,1,12.44,CONFIRMED,2016-12-08 12:43:00
1886,691,438,1,12.44,CONFIRMED,2016-12-09 15:43:00
1887,691,537,1,12.44,CONFIRMED,2016-12-08 04:43:00
1888,691,999,1,12.44,CONFIRMED,2016-12-09 23:43:00
1889,691,785,1,12.44,CANCELLED,2016-12-09 22:43:00
1890,691,345,1,12.44,CONFIRMED,2016-12-08 07:43:00
1891,691,117,1,12.44,CONFIRMED,2016-12-07 14:43:00
1892,692,649,4,26.32,CONFIRMED,2016-12-10 09:42:00
1893,693,298,2,16.08,CONFIRMED,2016-12-10 03:17:00
1894,693,874,1,8.04,CANCELLED,2016-12-10 02:17:00
1895,693,432,2,16.08,PENDING,2016-12-08 06:17:00
1896,693,218,2,16.08,CANCELLED,2016-12-08 15:17:00
1897,693,230,1,8.04,CANCELLED,2016-12-09 13:17:00
1898,693,797,2,16.08,CONFIRMED,2016-12-09 08:17:00
1899,694,860,2,8.0,CONFIRMED,2016-12-10 21:09:00
1900,694,926,2,8.0,CONFIRMED,2016-12-10 18:09:00
1901,694,816,1,4.0,CONFIRMED,2016-12-08 03:09:00
1902,695,760,1,17.64,CONFIRMED,2016-12-09 13:06:00
1903,695,615,1,17.64,CONFIRMED,2016-12-09 13:06:00
1904,695,326,1,17.64,CANCELLED,2016-12-09 09:06:00
1905,695,344,1,17.64,CANCELLED,2016-12-09 14:06:00
1906,695,175,1,17.64,CONFIRMED,2016-12-09 23:06:00
1907,695,984,1,17.64,CONFIRMED,2016-12-11 03:06:00
1908,695,586,1,17.64,CONFIRMED,2016-12-09 13:06:00
1909,696,859,2,8.22,CONFIRMED,2016-12-11 07:05:00
1910,696,568,1,4.11,CONFIRMED,2016-12-10 23:05:00
1911,696,163,1,4.11,CONFIRMED,2016-12-08 21:05:00
1912,697,587,4,20.52,CONFIRMED,2016-12-11 04:48:00
1913,698,651,1,3.85,CONFIRMED,2016-12-11 07:00:00
1914,698,648,1,3.85,CONFIRMED,2016-12-11 04:00:00
1915,698,798,1,3.85,CONFIRMED,2016-12-12 05:00:00
1916,698,368,1,3.85,CONFIRMED,2016-12-11 17:00:00
1917,699,655,1,5.68,CONFIRMED,2016-12-11 21:18:00
1918,700,146,3,58.65,CONFIRMED,2016-12-11 13:22:00
1919,701,80,4,18.04,CANCELLED,2016-12-11 10:36:00
1920,702,104,2,8.0,CONFIRMED,2016-12-12 04:26:00
1921,702,504,1,4.0,CONFIRMED,2016-12-10 13:26:00
1922,702,816,2,8.0,CONFIRMED,2016-12-10 04:26:00
1923,702,23,1,4.0,CONFIRMED,2016-12-12 12:26:00
1924,703,677,6,98.58,CONFIRMED,2016-12-12 12:51:00
1925,703,582,1,16.43,PENDING,2016-12-10 20:51:00
1926,704,629,1,12.27,CONFIRMED,2016-12-11 11:48:00
1927,704,615,1,12.27,CONFIRMED,2016-12-12 16:48:00
1928,704,560,1,12.27,CONFIRMED,2016-12-12 00:48:00
1929,704,6,1,12.27,CANCELLED,2016-12-12 05:48:00
1930,705,31,1,2.41,CONFIRMED,2016-12-12 15:48:00
1931,705,337,2,4.82,CONFIRMED,2016-12-12 06:48:00
1932,706,358,3,4.89,CONFIRMED,2016-12-10 18:32:00
1933,707,526,1,1.86,CONFIRMED,2016-12-12 08:42:00
1934,707,971,1,1.86,PENDING,2016-12-12 20:42:00
1935,707,411,1,1.86,CONFIRMED,2016-12-12 07:42:00
1936,707,946,1,1.86,CONFIRMED,2016-12-11 00:42:00
1937,708,612,1,5.73,CONFIRMED,2016-12-12 15:32:00
1938,708,767,1,5.73,CONFIRMED,2016-12-12 19:32:00
1939,708,280,1,5.73,CANCELLED,2016-12-14 08:32:00
1940,708,837,1,5.73,CONFIRMED,2016-12-14 12:32:00
1941,709,260,3,26.22,PENDING,2016-12-14 13:44:00
1942,709,602,2,17.48,CONFIRMED,2016-12-16 18:44:00
1943,709,421,1,8.74,CANCELLED,2016-12-15 02:44:00
1944,709,302,1,8.74,CONFIRMED,2016-12-16 23:44:00
1945,709,620,1,8.74,CONFIRMED,2016-12-15 09:44:00
1946,710,800,1,4.75,CONFIRMED,2016-12-17 09:03:00
1947,710,323,3,14.25,CONFIRMED,2016-12-14 23:03:00
1948,711,922,1,5.87,CONFIRMED,2016-12-16 10:32:00
1949,711,239,1,5.87,CONFIRMED,2016-12-16 02:32:00
1950,711,577,1,5.87,CONFIRMED,2016-12-15 08:32:00
1951,712,776,1,5.28,CONFIRMED,2016-12-19 10:32:00
1952,712,447,1,5.28,CONFIRMED,2016-12-18 05:32:00
1953,712,327,1,5.28,CONFIRMED,2016-12-17 07:32:00
1954,713,617,3,28.14,CONFIRMED,2016-12-23 04:53:00
1955,713,336,2,18.76,CONFIRMED,2016-12-23 06:53:00
1956,714,293,1,5.81,CONFIRMED,2016-12-20 13:21:00
1957,714,135,1,5.81,CONFIRMED,2016-12-23 07:21:00
1958,714,863,1,5.81,CONFIRMED,2016-12-21 04:21:00
1959,714,992,1,5.81,CONFIRMED,2016-12-21 13:21:00
1960,715,82,1,3.69,CONFIRMED,2016-12-21 09:56:00
1961,715,571,1,3.69,CONFIRMED,2016-12-21 01:56:00
1962,715,795,1,3.69,CANCELLED,2016-12-22 20:56:00
1963,715,322,1,3.69,CANCELLED,2016-12-22 22:56:00
1964,716,230,1,4.15,CANCELLED,2016-12-23 19:13:00
1965,717,332,4,11.04,CONFIRMED,2016-12-28 03:06:00
1966,718,743,2,5.66,CANCELLED,2016-12-25 18:57:00
1967,718,925,1,2.83,CANCELLED,2016-12-28 08:57:00
1968,719,906,1,4.78,CONFIRMED,2016-12-27 04:18:00
1969,719,805,1,4.78,CONFIRMED,2016-12-26 18:18:00
1970,719,45,2,9.56,CONFIRMED,2016-12-28 01:18:00
1971,720,123,1,4.04,CONFIRMED,2016-12-27 08:25:00
1972,720,130,1,4.04,CONFIRMED,2016-12-26 18:25:00
1973,720,328,1,4.04,CONFIRMED,2016-12-26 22:25:00
1974,720,884,1,4.04,CONFIRMED,2016-12-26 23:25:00
1975,721,95,2,6.76,CONFIRMED,2016-12-27 19:59:00
1976,721,271,3,10.14,CANCELLED,2016-12-28 09:59:00
1977,722,713,1,2.14,PENDING,2016-12-29 11:33:00
1978,722,80,1,2.14,CONFIRMED,2016-12-28 15:33:00
1979,723,840,1,29.7,CONFIRMED,2017-01-03 18:28:00
1980,723,396,1,29.7,CONFIRMED,2017-01-04 22:28:00
1981,723,193,1,29.7,CONFIRMED,2017-01-03 21:28:00
1982,723,501,1,29.7,CANCELLED,2017-01-05 09:28:00
1983,724,396,1,11.74,CONFIRMED,2017-01-06 13:28:00
1984,724,1000,1,11.74,CONFIRMED,2017-01-06 16:28:00
1985,724,465,2,23.48,PENDING,2017-01-07 00:28:00
1986,725,474,1,2.8,CONFIRMED,2017-01-10 08:02:00
1987,725,899,1,2.8,CANCELLED,2017-01-10 15:02:00
1988,726,30,2,5.78,CONFIRMED,2017-01-11 00:46:00
1989,726,489,1,2.89,CONFIRMED,2017-01-10 12:46:00
1990,726,679,1,2.89,CONFIRMED,2017-01-09 08:46:00
1991,727,55,2,6.1,CONFIRMED,2017-01-10 08:11:00
1992,727,453,2,6.1,CONFIRMED,2017-01-11 08:11:00
1993,727,281,2,6.1,CONFIRMED,2017-01-10 21:11:00
1994,728,533,1,1.84,CONFIRMED,2017-01-11 19:20:00
1995,728,445,1,1.84,CONFIRMED,2017-01-12 05:20:00
1996,728,112,1,1.84,CONFIRMED,2017-01-09 13:20:00
1997,728,699,1,1.84,CONFIRMED,2017-01-10 06:20:00
1998,729,404,3,8.19,CONFIRMED,2017-01-11 14:45:00
1999,729,104,2,5.46,CONFIRMED,2017-01-10 23:45:00
2000,729,226,3,8.19,CONFIRMED,2017-01-11 23:45:00
2001,729,753,2,5.46,CONFIRMED,2017-01-09 22:45:00
2002,730,314,1,3.24,CONFIRMED,2017-01-12 04:34:00
2003,730,875,1,3.24,CONFIRMED,2017-01-10 02:34:00
2004,730,930,1,3.24,PENDING,2017-01-10 00:34:00
2005,731,344,1,3.82,CANCELLED,2017-01-11 18:46:00
2006,731,22,1,3.82,CONFIRMED,2017-01-10 03:46:00
2007,731,182,1,3.82,CONFIRMED,2017-01-11 08:46:00
2008,731,999,1,3.82,CONFIRMED,2017-01-12 13:46:00
2009,732,857,1,4.27,CONFIRMED,2017-01-13 01:21:00
2010,732,234,1,4.27,CONFIRMED,2017-01-11 19:21:00
2011,732,539,2,8.54,CONFIRMED,2017-01-11 17:21:00
2012,733,264,1,5.3,CONFIRMED,2017-01-13 14:14:00
2013,733,681,1,5.3,CONFIRMED,2017-01-11 21:14:00
2014,733,500,1,5.3,CONFIRMED,2017-01-10 21:14:00
2015,734,152,4,26.0,CANCELLED,2017-01-15 21:57:00
2016,735,511,1,11.73,CONFIRMED,2017-01-17 07:42:00
2017,735,32,2,23.46,CONFIRMED,2017-01-19 03:42:00
2018,736,944,2,12.6,CONFIRMED,2017-01-23 22:51:00
2019,736,979,3,18.9,CONFIRMED,2017-01-23 00:51:00
2020,737,272,3,22.95,CONFIRMED,2017-01-23 21:38:00
2021,737,934,2,15.3,CONFIRMED,2017-01-24 04:38:00
2022,738,196,5,58.05,CONFIRMED,2017-01-26 04:44:00
2023,738,43,4,46.44,CONFIRMED,2017-01-24 23:44:00
2024,738,595,3,34.83,CONFIRMED,2017-01-26 18:44:00
2025,739,951,1,6.06,CONFIRMED,2017-02-01 21:05:00
2026,739,703,1,6.06,CONFIRMED,2017-02-01 22:05:00
2027,739,151,1,6.06,CONFIRMED,2017-02-03 09:05:00
2028,739,479,1,6.06,CONFIRMED,2017-02-01 22:05:00
2029,740,127,1,6.48,CONFIRMED,2017-02-01 14:57:00
2030,740,55,1,6.48,CONFIRMED,2017-02-02 18:57:00
2031,740,502,1,6.48,CANCELLED,2017-01-31 19:57:00
2032,741,978,3,18.48,CONFIRMED,2017-02-07 16:27:00
2033,741,89,2,12.32,CONFIRMED,2017-02-08 07:27:00
2034,742,225,2,7.04,CONFIRMED,2017-02-07 13:34:00
2035,742,33,2,7.04,CONFIRMED,2017-02-09 02:34:00
2036,742,486,2,7.04,CANCELLED,2017-02-07 23:34:00
2037,743,579,3,11.91,CANCELLED,2017-02-08 22:50:00
2038,743,448,3,11.91,CONFIRMED,2017-02-08 07:50:00
2039,744,428,2,24.52,CONFIRMED,2017-02-13 20:37:00
2040,744,569,3,36.78,CONFIRMED,2017-02-11 19:37:00
2041,745,386,2,6.96,CONFIRMED,2017-03-03 20:12:00
2042,745,803,2,6.96,CONFIRMED,2017-03-03 23:12:00
2043,746,481,2,8.88,CONFIRMED,2017-03-04 12:43:00
2044,746,364,2,8.88,CONFIRMED,2017-03-03 17:43:00
2045,746,439,1,4.44,PENDING,2017-03-04 11:43:00
2046,747,775,2,8.52,CONFIRMED,2017-03-18 00:45:00
2047,748,596,2,7.16,CONFIRMED,2017-03-16 19:18:00
2048,748,526,3,10.74,CANCELLED,2017-03-19 10:18:00
2049,749,129,1,7.58,CONFIRMED,2017-03-16 22:49:00
2050,749,414,2,15.16,CANCELLED,2017-03-19 06:49:00
2051,750,277,3,20.49,CONFIRMED,2017-03-19 05:38:00
2052,751,581,2,10.64,CANCELLED,2017-03-22 17:39:00
2053,751,495,1,5.32,CONFIRMED,2017-03-20 14:39:00
2054,751,709,1,5.32,CONFIRMED,2017-03-20 17:39:00
2055,752,229,3,12.48,CONFIRMED,2017-04-01 19:51:00
2056,752,918,2,8.32,CONFIRMED,2017-04-02 14:51:00
2057,753,640,1,4.02,CONFIRMED,2017-04-02 16:18:00
2058,753,706,1,4.02,CONFIRMED,2017-04-02 01:18:00
2059,754,100,1,2.03,CANCELLED,2017-04-05 06:23:00
2060,754,254,2,4.06,CONFIRMED,2017-04-06 23:23:00
2061,754,210,2,4.06,CONFIRMED,2017-04-06 15:23:00
2062,754,107,1,2.03,CANCELLED,2017-04-04 17:23:00
2063,754,487,2,4.06,CANCELLED,2017-04-05 06:23:00
2064,755,444,2,12.48,CONFIRMED,2017-04-08 20:57:00
2065,756,840,3,7.47,CONFIRMED,2017-04-23 16:09:00
2066,756,764,3,7.47,CONFIRMED,2017-04-25 08:09:00
2067,757,493,2,5.7,CONFIRMED,2017-04-23 22:08:00
2068,757,297,2,5.7,CONFIRMED,2017-04-24 11:08:00
2069,758,716,1,2.82,CANCELLED,2017-05-10 21:45:00
2070,758,821,1,2.82,CONFIRMED,2017-05-11 00:45:00
2071,758,110,1,2.82,CONFIRMED,2017-05-10 01:45:00
2072,758,477,1,2.82,CONFIRMED,2017-05-09 07:45:00
2073,759,931,2,6.44,PENDING,2017-05-12 01:32:00
2074,760,284,1,9.93,CONFIRMED,2017-05-21 09:25:00
2075,760,10,1,9.93,CONFIRMED,2017-05-23 06:25:00
2076,760,163,1,9.93,CONFIRMED,2017-05-22 09:25:00
2077,760,368,1,9.93,CONFIRMED,2017-05-23 11:25:00
2078,761,805,2,19.86,CANCELLED,2017-05-23 22:13:00
2079,761,782,2,19.86,CONFIRMED,2017-05-21 18:13:00
2080,762,676,2,9.2,CONFIRMED,2017-05-24 17:36:00
2081,762,185,2,9.2,CONFIRMED,2017-05-24 07:36:00
2082,762,591,1,4.6,CONFIRMED,2017-05-25 14:36:00
2083,762,727,1,4.6,CONFIRMED,2017-05-25 21:36:00
2084,762,951,2,9.2,CANCELLED,2017-05-23 22:36:00
2085,763,780,1,3.08,CONFIRMED,2017-05-25 13:59:00
2086,763,238,2,6.16,CONFIRMED,2017-05-24 06:59:00
2087,763,792,1,3.08,CONFIRMED,2017-05-25 03:59:00
2088,764,39,1,2.83,CONFIRMED,2017-05-28 15:45:00
2089,765,648,2,6.82,CONFIRMED,2017-05-28 07:23:00
2090,765,862,2,6.82,CONFIRMED,2017-05-27 17:23:00
2091,765,31,1,3.41,CONFIRMED,2017-05-28 02:23:00
2092,765,947,2,6.82,CONFIRMED,2017-05-29 12:23:00
2093,765,179,1,3.41,CONFIRMED,2017-05-28 09:23:00
2094,766,89,1,2.58,CONFIRMED,2017-06-01 23:29:00
2095,766,598,1,2.58,CONFIRMED,2017-06-01 18:29:00
2096,767,370,4,15.68,CONFIRMED,2017-06-02 05:01:00
2097,768,190,2,9.4,CONFIRMED,2017-06-03 09:08:00
2098,768,700,2,9.4,CONFIRMED,2017-06-02 14:08:00
2099,768,749,1,4.7,CANCELLED,2017-06-02 03:08:00
2100,769,642,1,4.89,CONFIRMED,2017-06-01 21:01:00
2101,769,387,1,4.89,CONFIRMED,2017-06-02 00:01:00
2102,769,896,1,4.89,CONFIRMED,2017-06-01 18:01:00
2103,769,73,1,4.89,CONFIRMED,2017-06-03 02:01:00
2104,770,401,1,7.47,CANCELLED,2017-06-05 14:25:00
2105,770,722,2,14.94,CONFIRMED,2017-06-05 04:25:00
2106,770,368,2,14.94,CONFIRMED,2017-06-06 03:25:00
2107,771,598,4,33.84,CANCELLED,2017-06-05 02:32:00
2108,772,34,3,31.23,CONFIRMED,2017-06-06 18:25:00
2109,773,911,1,11.04,CONFIRMED,2017-06-06 03:32:00
2110,773,785,1,11.04,CONFIRMED,2017-06-07 12:32:00
2111,773,61,1,11.04,CONFIRMED,2017-06-07 12:32:00
2112,774,614,1,2.18,CANCELLED,2017-06-11 06:17:00
2113,774,759,1,2.18,CONFIRMED,2017-06-13 14:17:00
2114,774,629,1,2.18,CONFIRMED,2017-06-11 03:17:00
2115,774,953,1,2.18,CONFIRMED,2017-06-11 12:17:00
2116,775,311,1,3.06,CONFIRMED,2017-06-13 12:59:00
2117,775,802,1,3.06,CONFIRMED,2017-06-12 18:59:00
2118,775,872,1,3.06,CONFIRMED,2017-06-13 17:59:00
2119,775,899,1,3.06,CONFIRMED,2017-06-11 19:59:00
2120,776,442,2,7.02,CONFIRMED,2017-06-14 12:32:00
2121,776,720,2,7.02,CONFIRMED,2017-06-13 03:32:00
2122,777,199,1,5.65,CONFIRMED,2017-06-14 21:10:00
2123,777,353,1,5.65,CONFIRMED,2017-06-12 12:10:00
2124,777,449,1,5.65,PENDING,2017-06-15 07:10:00
2125,778,834,1,7.68,CONFIRMED,2017-06-13 07:09:00
2126,778,59,1,7.68,CONFIRMED,2017-06-13 23:09:00
2127,779,618,1,2.56,PENDING,2017-06-15 21:29:00
2128,779,672,2,5.12,CONFIRMED,2017-06-15 22:29:00
2129,779,913,1,2.56,CONFIRMED,2017-06-13 16:29:00
2130,780,508,3,11.73,CANCELLED,2017-06-15 11:10:00
2131,780,724,2,7.82,CONFIRMED,2017-06-14 17:10:00
2132,781,891,2,20.08,CONFIRMED,2017-06-14 18:40:00
2133,781,671,1,10.04,CONFIRMED,2017-06-15 11:40:00
2134,781,251,2,20.08,CONFIRMED,2017-06-16 13:40:00
2135,782,863,1,8.1,CONFIRMED,2017-06-14 22:34:00
2136,782,535,1,8.1,CONFIRMED,2017-06-17 02:34:00
2137,783,241,4,12.0,CONFIRMED,2017-06-16 03:01:00
2138,784,22,4,19.92,CANCELLED,2017-06-18 00:08:00
2139,785,604,1,0.84,CONFIRMED,2017-06-17 19:34:00
2140,785,395,2,1.68,CONFIRMED,2017-06-17 20:34:00
2141,785,308,2,1.68,CONFIRMED,2017-06-18 16:34:00
2142,786,390,3,2.58,CONFIRMED,2017-06-19 14:35:00
2143,786,189,3,2.58,CONFIRMED,2017-06-16 23:35:00
2144,787,961,2,23.24,CANCELLED,2017-06-18 11:37:00
2145,787,27,1,11.62,CONFIRMED,2017-06-18 01:37:00
2146,787,933,2,23.24,CANCELLED,2017-06-19 13:37:00
2147,788,568,4,16.76,PENDING,2017-06-18 20:58:00
2148,789,436,1,7.55,CONFIRMED,2017-06-18 13:12:00
2149,789,588,1,7.55,CONFIRMED,2017-06-19 07:12:00
2150,789,738,1,7.55,CANCELLED,2017-06-19 02:12:00
2151,789,583,1,7.55,CONFIRMED,2017-06-19 06:12:00
2152,790,557,1,1.91,CONFIRMED,2017-06-19 06:54:00
2153,790,303,1,1.91,CONFIRMED,2017-06-18 21:54:00
2154,790,347,1,1.91,CANCELLED,2017-06-18 06:54:00
2155,790,586,1,1.91,CONFIRMED,2017-06-20 13:54:00
2156,790,406,1,1.91,CONFIRMED,2017-06-18 17:54:00
2157,790,40,1,1.91,CONFIRMED,2017-06-17 15:54:00
2158,790,632,1,1.91,CONFIRMED,2017-06-20 04:54:00
2159,791,920,2,7.24,PENDING,2017-06-21 06:43:00
2160,791,626,1,3.62,CONFIRMED,2017-06-22 03:43:00
2161,791,566,2,7.24,CANCELLED,2017-06-22 22:43:00
2162,792,647,1,4.11,CANCELLED,2017-06-30 07:55:00
2163,792,179,1,4.11,CONFIRMED,2017-06-30 09:55:00
2164,793,702,2,8.9,CONFIRMED,2017-06-30 11:12:00
2165,793,520,3,13.35,CONFIRMED,2017-06-30 09:12:00
2166,794,1000,2,6.86,CONFIRMED,2017-07-03 02:47:00
2167,794,264,1,3.43,CONFIRMED,2017-07-02 22:47:00
2168,794,17,2,6.86,CONFIRMED,2017-07-02 22:47:00
2169,795,209,3,14.82,CONFIRMED,2017-07-01 03:10:00
2170,795,334,1,4.94,CONFIRMED,2017-07-01 20:10:00
2171,796,26,3,7.38,CONFIRMED,2017-07-02 21:50:00
2172,796,335,2,4.92,CANCELLED,2017-07-02 16:50:00
2173,797,967,1,3.07,CONFIRMED,2017-07-04 12:13:00
2174,797,998,1,3.07,CANCELLED,2017-07-04 14:13:00
2175,797,302,1,3.07,CONFIRMED,2017-07-03 01:13:00
2176,797,638,1,3.07,CANCELLED,2017-07-02 17:13:00
2177,798,674,2,7.24,CONFIRMED,2017-07-05 02:12:00
2178,799,983,1,3.69,CONFIRMED,2017-07-02 15:24:00
2179,800,553,1,1.48,CONFIRMED,2017-07-03 14:24:00
2180,800,752,1,1.48,CONFIRMED,2017-07-05 09:24:00
2181,800,125,1,1.48,CANCELLED,2017-07-04 15:24:00
2182,800,869,1,1.48,CONFIRMED,2017-07-04 11:24:00
2183,801,468,3,5.04,PENDING,2017-07-05 09:41:00
2184,801,323,2,3.36,CONFIRMED,2017-07-04 11:41:00
2185,802,82,1,3.2,CANCELLED,2017-07-04 23:07:00
2186,802,362,1,3.2,CONFIRMED,2017-07-05 07:07:00
2187,803,585,1,8.74,CANCELLED,2017-07-15 02:15:00
2188,803,849,2,17.48,CONFIRMED,2017-07-15 16:15:00
2189,804,816,2,12.1,CONFIRMED,2017-07-14 15:13:00
2190,804,294,2,12.1,CONFIRMED,2017-07-16 01:13:00
2191,804,351,2,12.1,CONFIRMED,2017-07-15 18:13:00
2192,805,899,1,10.52,CONFIRMED,2017-07-15 11:14:00
2193,805,466,2,21.04,CONFIRMED,2017-07-15 04:14:00
2194,806,131,1,5.12,CANCELLED,2017-07-28 06:34:00
2195,807,171,1,5.21,CANCELLED,2017-07-26 15:44:00
2196,807,75,1,5.21,CONFIRMED,2017-07-25 13:44:00
2197,807,136,1,5.21,CONFIRMED,2017-07-27 21:44:00
2198,808,920,2,6.28,CONFIRMED,2017-07-28 23:30:00
2199,808,846,1,3.14,CONFIRMED,2017-07-27 15:30:00
2200,808,921,2,6.28,CANCELLED,2017-07-27 03:30:00
2201,809,297,1,3.78,CONFIRMED,2017-07-26 20:56:00
2202,809,777,1,3.78,CONFIRMED,2017-07-29 13:56:00
2203,809,490,1,3.78,CONFIRMED,2017-07-27 03:56:00
2204,809,718,1,3.78,CONFIRMED,2017-07-28 15:56:00
2205,810,741,1,3.3,CONFIRMED,2017-08-01 01:36:00
2206,810,604,1,3.3,CONFIRMED,2017-07-31 22:36:00
2207,810,287,1,3.3,CONFIRMED,2017-08-01 15:36:00
2208,811,777,1,10.84,CONFIRMED,2017-08-06 07:26:00
2209,811,183,2,21.68,CONFIRMED,2017-08-05 17:26:00
2210,811,978,1,10.84,CONFIRMED,2017-08-06 12:26:00
2211,812,295,3,8.16,CONFIRMED,2017-08-07 11:03:00
2212,813,296,2,3.62,PENDING,2017-08-09 04:19:00
2213,813,963,1,1.81,CONFIRMED,2017-08-08 23:19:00
2214,814,212,2,12.32,CONFIRMED,2017-08-09 16:25:00
2215,815,7,1,4.46,CONFIRMED,2017-08-10 06:42:00
2216,815,502,3,13.38,CONFIRMED,2017-08-09 10:42:00
2217,816,852,2,13.5,CANCELLED,2017-08-11 20:09:00
2218,816,466,2,13.5,CANCELLED,2017-08-09 20:09:00
2219,817,89,2,11.16,CONFIRMED,2017-08-12 00:53:00
2220,817,887,2,11.16,CANCELLED,2017-08-11 10:53:00
2221,817,141,1,5.58,CONFIRMED,2017-08-09 22:53:00
2222,818,283,1,2.56,CONFIRMED,2017-08-11 18:28:00
2223,818,466,1,2.56,CONFIRMED,2017-08-10 16:28:00
2224,818,647,2,5.12,CONFIRMED,2017-08-10 11:28:00
2225,819,973,1,4.56,CONFIRMED,2017-08-11 11:39:00
2226,820,691,3,15.3,CONFIRMED,2017-08-11 21:29:00
2227,820,201,2,10.2,CONFIRMED,2017-08-12 23:29:00
2228,821,204,1,4.29,PENDING,2017-08-13 16:17:00
2229,821,652,1,4.29,CONFIRMED,2017-08-12 05:17:00
2230,822,729,1,4.58,CONFIRMED,2017-08-14 06:22:00
2231,822,183,3,13.74,CONFIRMED,2017-08-14 09:22:00
2232,823,497,1,30.26,CANCELLED,2017-08-16 16:11:00
2233,823,545,2,60.52,CONFIRMED,2017-08-15 07:11:00
2234,823,674,2,60.52,CONFIRMED,2017-08-15 00:11:00
2235,824,304,1,10.33,CONFIRMED,2017-08-15 12:11:00
2236,824,99,1,10.33,CONFIRMED,2017-08-15 15:11:00
2237,824,226,1,10.33,CONFIRMED,2017-08-16 05:11:00
2238,824,117,1,10.33,CONFIRMED,2017-08-15 19:11:00
2239,825,794,2,20.22,CANCELLED,2017-08-15 07:13:00
2240,825,905,3,30.33,CONFIRMED,2017-08-16 15:13:00
2241,826,298,3,32.31,CONFIRMED,2017-08-15 19:18:00
2242,827,577,3,10.23,CONFIRMED,2017-08-16 20:21:00
2243,828,402,1,4.84,CONFIRMED,2017-08-19 06:05:00
2244,828,830,1,4.84,CONFIRMED,2017-08-18 08:05:00
2245,828,454,1,4.84,CONFIRMED,2017-08-19 07:05:00
2246,828,437,1,4.84,CONFIRMED,2017-08-18 08:05:00
2247,829,898,1,1.36,CANCELLED,2017-08-17 19:13:00
2248,829,171,1,1.36,CONFIRMED,2017-08-19 11:13:00
2249,829,550,1,1.36,CANCELLED,2017-08-19 02:13:00
2250,829,212,2,2.72,CANCELLED,2017-08-16 15:13:00
2251,829,800,1,1.36,CONFIRMED,2017-08-16 19:13:00
2252,830,371,1,2.04,PENDING,2017-08-16 17:37:00
2253,830,550,2,4.08,CANCELLED,2017-08-18 08:37:00
2254,831,822,3,15.27,CONFIRMED,2017-08-18 15:39:00
2255,831,166,2,10.18,CANCELLED,2017-08-19 14:39:00
2256,831,934,1,5.09,CONFIRMED,2017-08-16 23:39:00
2257,832,515,4,7.24,CONFIRMED,2017-08-20 07:48:00
2258,833,290,1,26.88,CONFIRMED,2017-08-19 07:48:00
2259,833,309,1,26.88,CONFIRMED,2017-08-19 23:48:00
2260,834,673,1,13.41,CANCELLED,2017-08-20 09:31:00
2261,834,412,1,13.41,CONFIRMED,2017-08-18 13:31:00
2262,834,135,1,13.41,CONFIRMED,2017-08-17 21:31:00
2263,834,839,1,13.41,CONFIRMED,2017-08-18 16:31:00
2264,835,853,3,30.96,CANCELLED,2017-08-19 22:51:00
2265,836,526,1,11.0,CONFIRMED,2017-09-01 00:17:00
2266,836,763,1,11.0,PENDING,2017-08-30 00:17:00
2267,836,24,1,11.0,CONFIRMED,2017-09-01 01:17:00
2268,836,310,1,11.0,PENDING,2017-08-29 13:17:00
2269,837,496,1,2.79,CONFIRMED,2017-09-01 19:45:00
2270,837,292,2,5.58,PENDING,2017-09-01 13:45:00
2271,837,931,1,2.79,CONFIRMED,2017-09-04 07:45:00
2272,838,791,1,3.51,CONFIRMED,2017-09-02 20:51:00
2273,838,238,1,3.51,CONFIRMED,2017-09-04 01:51:00
2274,838,459,1,3.51,CONFIRMED,2017-09-03 09:51:00
2275,838,379,1,3.51,CONFIRMED,2017-09-04 01:51:00
2276,839,414,2,22.26,CONFIRMED,2017-09-09 02:46:00
2277,839,633,1,11.13,CONFIRMED,2017-09-08 23:46:00
2278,840,319,1,3.8,CONFIRMED,2017-09-11 05:20:00
2279,840,760,1,3.8,CONFIRMED,2017-09-12 07:20:00
2280,840,346,1,3.8,CONFIRMED,2017-09-11 17:20:00
2281,840,856,1,3.8,CONFIRMED,2017-09-10 20:20:00
2282,841,570,1,3.79,CANCELLED,2017-09-21 03:42:00
2283,841,881,1,3.79,CONFIRMED,2017-09-23 08:42:00
2284,841,759,1,3.79,CONFIRMED,2017-09-22 18:42:00
2285,842,203,1,2.78,CONFIRMED,2017-09-21 08:36:00
2286,842,450,2,5.56,CONFIRMED,2017-09-20 19:36:00
2287,843,144,1,3.58,CONFIRMED,2017-09-23 03:55:00
2288,843,768,1,3.58,CONFIRMED,2017-09-23 03:55:00
2289,843,897,1,3.58,CONFIRMED,2017-09-22 17:55:00
2290,843,562,1,3.58,CONFIRMED,2017-09-21 22:55:00
2291,844,824,3,15.27,CONFIRMED,2017-09-23 11:26:00
2292,844,630,2,10.18,CONFIRMED,2017-09-23 01:26:00
2293,845,169,3,11.49,CANCELLED,2017-10-21 12:45:00
2294,845,538,2,7.66,CONFIRMED,2017-10-20 18:45:00
2295,846,69,1,14.35,CONFIRMED,2017-10-21 04:09:00
2296,846,6,1,14.35,CONFIRMED,2017-10-21 09:09:00
2297,846,320,1,14.35,CONFIRMED,2017-10-21 08:09:00
2298,846,720,1,14.35,CONFIRMED,2017-10-20 12:09:00
2299,847,645,1,3.62,CONFIRMED,2017-10-23 09:28:00
2300,847,15,2,7.24,CONFIRMED,2017-10-23 12:28:00
2301,847,952,2,7.24,CONFIRMED,2017-10-24 14:28:00
2302,848,608,2,41.18,CONFIRMED,2017-10-24 13:32:00
2303,849,183,1,2.87,CONFIRMED,2017-10-29 20:38:00
2304,849,270,2,5.74,CONFIRMED,2017-10-31 03:38:00
2305,849,579,2,5.74,CONFIRMED,2017-11-01 14:38:00
2306,850,238,1,3.35,CONFIRMED,2017-11-01 16:10:00
2307,850,222,1,3.35,CONFIRMED,2017-11-01 10:10:00
2308,850,94,1,3.35,CONFIRMED,2017-10-30 08:10:00
2309,850,953,1,3.35,CONFIRMED,2017-10-30 23:10:00
2310,850,824,1,3.35,CONFIRMED,2017-11-01 01:10:00
2311,850,631,1,3.35,CONFIRMED,2017-10-30 16:10:00
2312,850,151,1,3.35,CONFIRMED,2017-10-30 19:10:00
2313,851,860,1,2.74,CANCELLED,2017-11-10 08:17:00
2314,851,536,1,2.74,CANCELLED,2017-11-10 00:17:00
2315,851,325,1,2.74,CANCELLED,2017-11-08 12:17:00
2316,852,503,1,4.48,CONFIRMED,2017-11-09 05:50:00
2317,852,713,1,4.48,CONFIRMED,2017-11-09 14:50:00
2318,852,809,1,4.48,CONFIRMED,2017-11-09 16:50:00
2319,852,257,1,4.48,CONFIRMED,2017-11-08 13:50:00
2320,853,392,1,9.78,CANCELLED,2017-11-14 13:55:00
2321,853,384,1,9.78,CONFIRMED,2017-11-11 19:55:00
2322,854,6,3,42.6,CONFIRMED,2017-11-12 16:56:00
2323,854,602,3,42.6,CONFIRMED,2017-11-14 14:56:00
2324,855,35,2,10.46,CONFIRMED,2017-11-14 22:54:00
2325,855,664,2,10.46,CONFIRMED,2017-11-16 03:54:00
2326,855,282,2,10.46,PENDING,2017-11-13 20:54:00
2327,856,178,1,3.37,CONFIRMED,2017-11-16 04:54:00
2328,856,486,1,3.37,CONFIRMED,2017-11-15 09:54:00
2329,856,769,1,3.37,CONFIRMED,2017-11-15 16:54:00
2330,856,897,1,3.37,CONFIRMED,2017-11-16 00:54:00
2331,857,100,2,6.86,PENDING,2017-11-17 11:48:00
2332,857,880,1,3.43,CONFIRMED,2017-11-16 19:48:00
2333,857,559,1,3.43,CANCELLED,2017-11-16 13:48:00
2334,858,15,1,2.75,CONFIRMED,2017-11-21 06:21:00
2335,858,965,1,2.75,CONFIRMED,2017-11-18 21:21:00
2336,858,682,1,2.75,CONFIRMED,2017-11-21 03:21:00
2337,859,456,2,3.82,CONFIRMED,2017-11-18 23:04:00
2338,859,46,2,3.82,CONFIRMED,2017-11-21 15:04:00
2339,860,281,1,3.62,CONFIRMED,2017-11-21 04:17:00
2340,860,576,2,7.24,CONFIRMED,2017-11-21 04:17:00
2341,860,360,1,3.62,CONFIRMED,2017-11-20 16:17:00
2342,861,607,1,4.26,CONFIRMED,2017-11-22 10:52:00
2343,861,643,2,8.52,CONFIRMED,2017-11-20 01:52:00
2344,861,990,1,4.26,CANCELLED,2017-11-21 04:52:00
2345,862,859,1,1.95,CONFIRMED,2017-11-22 18:29:00
2346,862,699,2,3.9,CONFIRMED,2017-11-21 22:29:00
2347,862,659,1,1.95,CONFIRMED,2017-11-21 18:29:00
2348,863,232,1,3.83,CONFIRMED,2017-11-21 22:14:00
2349,863,857,1,3.83,CONFIRMED,2017-11-22 02:14:00
2350,863,193,1,3.83,CONFIRMED,2017-11-21 13:14:00
2351,863,280,1,3.83,CONFIRMED,2017-11-20 17:14:00
2352,864,851,1,4.0,CONFIRMED,2017-11-21 13:47:00
2353,864,648,1,4.0,CONFIRMED,2017-11-22 12:47:00
2354,864,705,1,4.0,CONFIRMED,2017-11-22 02:47:00
2355,864,853,1,4.0,CONFIRMED,2017-11-20 22:47:00
2356,865,93,1,4.29,CONFIRMED,2017-11-21 04:19:00
2357,865,527,2,8.58,CONFIRMED,2017-11-23 01:19:00
2358,865,793,1,4.29,CONFIRMED,2017-11-21 04:19:00
2359,866,382,1,4.37,CONFIRMED,2017-11-23 20:22:00
2360,866,579,2,8.74,CANCELLED,2017-11-24 08:22:00
2361,866,387,1,4.37,CONFIRMED,2017-11-22 15:22:00
2362,867,665,1,8.2,CANCELLED,2017-11-23 02:00:00
2363,867,926,1,8.2,CONFIRMED,2017-11-23 18:00:00
2364,867,103,1,8.2,CONFIRMED,2017-11-22 07:00:00
2365,868,750,1,10.4,CONFIRMED,2017-11-22 21:45:00
2366,868,410,1,10.4,CONFIRMED,2017-11-22 17:45:00
2367,868,486,1,10.4,CONFIRMED,2017-11-23 15:45:00
2368,868,856,1,10.4,CONFIRMED,2017-11-23 10:45:00
2369,869,609,1,11.01,CANCELLED,2017-11-22 03:03:00
2370,869,30,1,11.01,PENDING,2017-11-24 05:03:00
2371,869,168,1,11.01,CONFIRMED,2017-11-24 16:03:00
2372,869,526,1,11.01,CONFIRMED,2017-11-24 04:03:00
2373,870,355,1,10.94,CONFIRMED,2017-11-24 01:17:00
2374,870,471,1,10.94,CONFIRMED,2017-11-24 00:17:00
2375,870,406,1,10.94,CANCELLED,2017-11-22 16:17:00
2376,870,170,1,10.94,CONFIRMED,2017-11-24 04:17:00
2377,870,473,1,10.94,CONFIRMED,2017-11-24 03:17:00
2378,870,1,1,10.94,CONFIRMED,2017-11-22 01:17:00
2379,870,676,1,10.94,CONFIRMED,2017-11-22 11:17:00
2380,871,853,1,11.61,CONFIRMED,2017-11-23 07:18:00
2381,871,476,1,11.61,CONFIRMED,2017-11-23 06:18:00
2382,871,725,1,11.61,CANCELLED,2017-11-22 17:18:00
2383,871,249,1,11.61,CONFIRMED,2017-11-23 03:18:00
2384,872,687,1,1.73,CONFIRMED,2017-11-24 13:59:00
2385,872,760,1,1.73,CONFIRMED,2017-11-23 16:59:00
2386,872,995,1,1.73,CONFIRMED,2017-11-23 09:59:00
2387,872,602,1,1.73,CONFIRMED,2017-11-24 18:59:00
2388,873,193,1,1.88,CONFIRMED,2017-11-23 12:48:00
2389,873,46,1,1.88,CONFIRMED,2017-11-24 01:48:00
2390,873,217,1,1.88,CONFIRMED,2017-11-23 00:48:00
2391,873,310,1,1.88,CONFIRMED,2017-11-23 08:48:00
2392,874,168,2,4.0,CONFIRMED,2017-11-25 01:44:00
2393,875,827,1,1.76,CONFIRMED,2017-11-23 11:45:00
2394,875,85,1,1.76,CONFIRMED,2017-11-24 22:45:00
2395,875,355,1,1.76,CONFIRMED,2017-11-25 13:45:00
2396,875,704,1,1.76,CONFIRMED,2017-11-23 11:45:00
2397,876,791,1,1.37,CONFIRMED,2017-11-25 01:01:00
2398,876,56,1,1.37,CONFIRMED,2017-11-23 03:01:00
2399,876,311,1,1.37,CANCELLED,2017-11-23 17:01:00
2400,876,437,1,1.37,CONFIRMED,2017-11-23 09:01:00
2401,877,779,1,1.9,CONFIRMED,2017-11-24 11:19:00
2402,877,393,1,1.9,CONFIRMED,2017-11-23 10:19:00
2403,877,893,2,3.8,CONFIRMED,2017-11-24 08:19:00
2404,877,692,1,1.9,CONFIRMED,2017-11-23 06:19:00
2405,877,82,2,3.8,CONFIRMED,2017-11-23 21:19:00
2406,878,437,2,4.76,CONFIRMED,2017-11-25 17:59:00
2407,878,346,2,4.76,CONFIRMED,2017-11-23 23:59:00
2408,879,18,1,7.19,CONFIRMED,2017-11-24 00:20:00
2409,879,459,1,7.19,CONFIRMED,2017-11-23 19:20:00
2410,879,333,1,7.19,CONFIRMED,2017-11-23 01:20:00
2411,879,305,1,7.19,CONFIRMED,2017-11-25 03:20:00
2412,880,443,1,12.97,CONFIRMED,2017-11-25 02:56:00
2413,880,916,1,12.97,CONFIRMED,2017-11-24 16:56:00
2414,880,282,1,12.97,CONFIRMED,2017-11-25 21:56:00
2415,880,354,1,12.97,CONFIRMED,2017-11-25 23:56:00
2416,881,951,2,8.26,CONFIRMED,2017-11-26 11:13:00
2417,881,654,1,4.13,PENDING,2017-11-25 05:13:00
2418,881,769,1,4.13,CANCELLED,2017-11-24 06:13:00
2419,882,814,2,8.76,CONFIRMED,2017-11-25 04:01:00
2420,883,712,1,5.92,CONFIRMED,2017-11-24 22:51:00
2421,883,820,1,5.92,CONFIRMED,2017-11-25 03:51:00
2422,884,766,2,8.42,CONFIRMED,2017-11-27 07:56:00
2423,884,707,4,16.84,CANCELLED,2017-11-26 00:56:00
2424,884,798,3,12.63,CONFIRMED,2017-11-26 10:56:00
2425,885,802,4,25.88,CONFIRMED,2017-11-26 02:18:00
2426,886,475,2,9.66,CONFIRMED,2017-11-26 10:57:00
2427,886,615,1,4.83,CONFIRMED,2017-11-26 10:57:00
2428,886,811,1,4.83,CONFIRMED,2017-11-25 04:57:00
2429,887,652,1,3.22,CONFIRMED,2017-11-24 16:40:00
2430,887,611,1,3.22,CONFIRMED,2017-11-25 23:40:00
2431,887,337,1,3.22,CANCELLED,2017-11-26 20:40:00
2432,887,556,1,3.22,CANCELLED,2017-11-25 00:40:00
2433,888,547,1,11.33,CONFIRMED,2017-11-26 12:36:00
2434,888,716,2,22.66,CONFIRMED,2017-11-27 10:36:00
2435,889,500,1,5.67,CONFIRMED,2017-11-26 15:33:00
2436,889,576,1,5.67,CONFIRMED,2017-11-28 04:33:00
2437,889,354,1,5.67,CONFIRMED,2017-11-27 10:33:00
2438,889,86,1,5.67,CONFIRMED,2017-11-26 02:33:00
2439,889,213,1,5.67,CONFIRMED,2017-11-26 19:33:00
2440,889,767,1,5.67,PENDING,2017-11-26 07:33:00
2441,890,388,1,3.67,CONFIRMED,2017-11-27 06:14:00
2442,890,623,1,3.67,PENDING,2017-11-26 20:14:00
2443,891,887,1,2.97,CONFIRMED,2017-11-26 06:18:00
2444,892,361,1,4.01,CONFIRMED,2017-11-26 12:06:00
2445,892,771,1,4.01,CONFIRMED,2017-11-26 18:06:00
2446,892,223,1,4.01,CONFIRMED,2017-11-26 07:06:00
2447,892,429,1,4.01,CONFIRMED,2017-11-26 22:06:00
2448,893,161,1,5.81,CONFIRMED,2017-11-28 13:14:00
2449,893,948,2,11.62,CONFIRMED,2017-11-27 15:14:00
2450,894,393,4,25.2,PENDING,2017-11-26 11:20:00
2451,895,653,3,24.09,CONFIRMED,2017-11-26 01:09:00
2452,895,30,1,8.03,CONFIRMED,2017-11-26 13:09:00
2453,896,333,2,17.98,CONFIRMED,2017-11-26 05:14:00
2454,897,976,3,10.08,CONFIRMED,2017-11-27 08:42:00
2455,898,872,1,2.04,CONFIRMED,2017-11-28 05:30:00
2456,898,937,1,2.04,CONFIRMED,2017-11-28 10:30:00
2457,899,136,1,10.98,CONFIRMED,2017-11-28 01:17:00
2458,899,301,2,21.96,CONFIRMED,2017-11-28 04:17:00
2459,899,67,1,10.98,CONFIRMED,2017-11-28 01:17:00
2460,900,824,3,8.85,CANCELLED,2017-11-30 15:39:00
2461,901,475,1,11.12,CONFIRMED,2017-12-01 20:06:00
2462,901,741,3,33.36,CONFIRMED,2017-11-29 06:06:00
2463,902,884,1,7.39,PENDING,2017-11-29 13:44:00
2464,902,395,1,7.39,CONFIRMED,2017-11-29 13:44:00
2465,902,73,1,7.39,CONFIRMED,2017-12-02 02:44:00
2466,902,803,1,7.39,CANCELLED,2017-12-02 04:44:00
2467,903,410,2,11.54,CONFIRMED,2017-12-02 01:51:00
2468,903,735,1,5.77,CONFIRMED,2017-12-01 07:51:00
2469,903,951,1,5.77,CONFIRMED,2017-11-30 18:51:00
2470,904,674,1,2.67,CANCELLED,2017-12-01 19:32:00
2471,904,348,1,2.67,CONFIRMED,2017-12-02 14:32:00
2472,905,471,4,10.56,CONFIRMED,2017-12-03 09:09:00
2473,906,303,2,6.8,CONFIRMED,2017-12-04 00:47:00
2474,906,707,3,10.2,CONFIRMED,2017-12-05 05:47:00
2475,906,457,1,3.4,CONFIRMED,2017-12-03 21:47:00
2476,907,227,3,8.97,CONFIRMED,2017-12-04 07:00:00
2477,908,969,2,6.14,CONFIRMED,2017-12-05 11:04:00
2478,908,735,2,6.14,CONFIRMED,2017-12-07 03:04:00
2479,908,163,1,3.07,CONFIRMED,2017-12-05 18:04:00
2480,909,654,2,9.38,CONFIRMED,2017-12-08 00:09:00
2481,909,234,1,4.69,CONFIRMED,2017-12-06 01:09:00
2482,909,29,4,18.76,CONFIRMED,2017-12-07 21:09:00
2483,910,661,2,26.48,CONFIRMED,2017-12-07 08:52:00
2484,910,160,2,26.48,CONFIRMED,2017-12-06 13:52:00
2485,910,603,2,26.48,CONFIRMED,2017-12-07 08:52:00
2486,911,686,1,5.93,CONFIRMED,2017-12-07 20:35:00
2487,912,230,2,6.0,CONFIRMED,2017-12-08 21:36:00
2488,912,154,3,9.0,CONFIRMED,2017-12-06 21:36:00
2489,913,585,1,4.72,CANCELLED,2017-12-07 18:10:00
2490,913,936,1,4.72,CONFIRMED,2017-12-08 15:10:00
2491,914,409,1,5.93,PENDING,2017-12-07 22:00:00
2492,915,278,1,2.68,PENDING,2017-12-11 02:01:00
2493,916,582,1,5.7,CONFIRMED,2017-12-10 11:28:00
2494,916,537,1,5.7,CONFIRMED,2017-12-09 00:28:00
2495,916,254,1,5.7,CONFIRMED,2017-12-10 00:28:00
2496,916,251,1,5.7,CONFIRMED,2017-12-10 10:28:00
2497,917,929,2,12.52,CONFIRMED,2017-12-11 05:48:00
2498,918,234,3,7.53,CONFIRMED,2017-12-09 06:24:00
2499,918,250,2,5.02,CONFIRMED,2017-12-11 13:24:00
2500,919,810,1,3.56,CONFIRMED,2017-12-10 01:56:00
2501,919,651,1,3.56,CONFIRMED,2017-12-11 21:56:00
2502,919,75,1,3.56,CONFIRMED,2017-12-10 19:56:00
2503,920,597,4,11.2,CANCELLED,2017-12-12 06:30:00
2504,921,798,1,2.53,PENDING,2017-12-12 02:16:00
2505,921,660,1,2.53,CONFIRMED,2017-12-10 19:16:00
2506,921,200,1,2.53,CONFIRMED,2017-12-10 21:16:00
2507,921,605,1,2.53,PENDING,2017-12-11 20:16:00
2508,922,890,3,9.78,CONFIRMED,2017-12-10 19:04:00
2509,922,546,3,9.78,CONFIRMED,2017-12-13 04:04:00
2510,922,255,2,6.52,CONFIRMED,2017-12-12 02:04:00
2511,923,509,1,3.08,CONFIRMED,2017-12-13 21:14:00
2512,923,168,1,3.08,CONFIRMED,2017-12-11 13:14:00
2513,923,184,1,3.08,CONFIRMED,2017-12-13 20:14:00
2514,923,68,1,3.08,CONFIRMED,2017-12-11 17:14:00
2515,924,328,2,6.28,CONFIRMED,2017-12-13 05:46:00
2516,924,786,1,3.14,CONFIRMED,2017-12-14 00:46:00
2517,924,545,2,6.28,CONFIRMED,2017-12-12 17:46:00
2518,925,874,3,14.67,CONFIRMED,2017-12-13 03:42:00
2519,925,162,3,14.67,PENDING,2017-12-12 15:42:00
2520,926,235,2,6.96,CANCELLED,2017-12-13 19:57:00
2521,926,957,2,6.96,CONFIRMED,2017-12-13 15:57:00
2522,926,270,2,6.96,CANCELLED,2017-12-13 17:57:00
2523,927,316,1,3.72,CONFIRMED,2017-12-13 15:59:00
2524,927,436,1,3.72,PENDING,2017-12-13 21:59:00
2525,927,578,1,3.72,PENDING,2017-12-14 07:59:00
2526,927,403,1,3.72,CANCELLED,2017-12-14 17:59:00
2527,928,679,2,3.6,CONFIRMED,2017-12-13 20:38:00
2528,928,735,1,1.8,CONFIRMED,2017-12-13 19:38:00
2529,929,573,1,4.54,CONFIRMED,2017-12-13 18:50:00
2530,929,575,2,9.08,CANCELLED,2017-12-15 21:50:00
2531,929,758,1,4.54,CONFIRMED,2017-12-14 17:50:00
2532,930,966,1,4.79,CONFIRMED,2017-12-14 12:27:00
2533,930,740,1,4.79,CONFIRMED,2017-12-14 13:27:00
2534,930,609,1,4.79,CONFIRMED,2017-12-14 18:27:00
2535,930,483,1,4.79,CONFIRMED,2017-12-14 05:27:00
2536,931,114,1,8.43,CONFIRMED,2017-12-16 06:11:00
2537,931,485,1,8.43,CANCELLED,2017-12-16 20:11:00
2538,931,138,1,8.43,CONFIRMED,2017-12-16 02:11:00
2539,932,336,3,9.75,CONFIRMED,2017-12-17 10:15:00
2540,932,588,3,9.75,CONFIRMED,2017-12-17 06:15:00
2541,933,144,1,5.81,CANCELLED,2017-12-17 04:22:00
2542,934,370,1,3.05,CONFIRMED,2017-12-18 04:19:00
2543,934,928,1,3.05,CONFIRMED,2017-12-18 08:19:00
2544,934,793,1,3.05,CONFIRMED,2017-12-19 07:19:00
2545,934,457,1,3.05,CONFIRMED,2017-12-17 05:19:00
2546,934,767,1,3.05,CONFIRMED,2017-12-16 19:19:00
2547,934,907,1,3.05,CANCELLED,2017-12-19 02:19:00
2548,934,220,1,3.05,CONFIRMED,2017-12-17 02:19:00
2549,935,984,3,7.14,CONFIRMED,2017-12-17 00:05:00
2550,936,590,1,4.22,CONFIRMED,2017-12-19 05:51:00
2551,936,342,1,4.22,CONFIRMED,2017-12-16 23:51:00
2552,936,651,1,4.22,CONFIRMED,2017-12-17 05:51:00
2553,937,771,3,11.85,CONFIRMED,2017-12-19 01:34:00
2554,937,75,2,7.9,CONFIRMED,2017-12-19 17:34:00
2555,938,75,2,13.96,CONFIRMED,2017-12-18 07:07:00
2556,938,187,1,6.98,CONFIRMED,2017-12-19 01:07:00
2557,938,665,1,6.98,CONFIRMED,2017-12-18 13:07:00
2558,939,9,2,6.36,CONFIRMED,2017-12-20 00:55:00
2559,940,878,2,7.56,CONFIRMED,2017-12-20 08:33:00
2560,940,229,2,7.56,CANCELLED,2017-12-20 14:33:00
2561,940,600,1,3.78,CONFIRMED,2017-12-20 07:33:00
2562,941,186,1,23.44,CONFIRMED,2017-12-18 20:00:00
2563,941,104,2,46.88,PENDING,2017-12-20 00:00:00
2564,941,27,2,46.88,CANCELLED,2017-12-20 15:00:00
2565,942,311,2,22.54,PENDING,2017-12-20 17:08:00
2566,942,168,1,11.27,CONFIRMED,2017-12-21 19:08:00
2567,943,900,4,15.44,CONFIRMED,2017-12-19 23:56:00
2568,943,922,1,3.86,CONFIRMED,2017-12-20 21:56:00
2569,944,51,1,4.87,CONFIRMED,2017-12-22 10:31:00
2570,944,458,1,4.87,CONFIRMED,2017-12-23 12:31:00
2571,944,450,1,4.87,CONFIRMED,2017-12-23 08:31:00
2572,944,409,1,4.87,CANCELLED,2017-12-22 13:31:00
2573,945,426,1,4.8,CONFIRMED,2017-12-22 15:36:00
2574,945,196,2,9.6,CONFIRMED,2017-12-23 23:36:00
2575,945,216,2,9.6,CONFIRMED,2017-12-22 13:36:00
2576,946,410,1,3.5,CONFIRMED,2017-12-22 23:20:00
2577,946,986,1,3.5,CONFIRMED,2017-12-23 00:20:00
2578,946,880,1,3.5,PENDING,2017-12-24 04:20:00
2579,946,103,1,3.5,CANCELLED,2017-12-24 12:20:00
2580,947,749,2,6.86,CONFIRMED,2017-12-24 13:09:00
2581,947,664,1,3.43,CONFIRMED,2017-12-25 04:09:00
2582,947,920,1,3.43,CONFIRMED,2017-12-23 08:09:00
2583,948,63,2,7.08,CANCELLED,2017-12-24 21:41:00
2584,949,634,1,4.04,CONFIRMED,2017-12-25 22:59:00
2585,949,425,1,4.04,CONFIRMED,2017-12-25 21:59:00
2586,949,845,2,8.08,CANCELLED,2017-12-26 06:59:00
2587,950,31,1,3.29,CONFIRMED,2017-12-25 10:43:00
2588,950,511,2,6.58,CONFIRMED,2017-12-27 06:43:00
2589,951,340,1,3.46,CANCELLED,2017-12-29 09:08:00
2590,952,937,1,4.27,CONFIRMED,2017-12-27 20:39:00
2591,952,418,1,4.27,CONFIRMED,2017-12-30 14:39:00
2592,953,920,2,11.54,PENDING,2017-12-30 03:01:00
2593,953,229,2,11.54,CONFIRMED,2017-12-28 12:01:00
2594,953,95,2,11.54,CONFIRMED,2017-12-30 17:01:00
2595,954,488,2,11.64,CONFIRMED,2018-01-01 12:27:00
2596,954,481,2,11.64,PENDING,2018-01-03 21:27:00
2597,954,923,2,11.64,CONFIRMED,2018-01-03 08:27:00
2598,955,225,1,3.4,CANCELLED,2018-01-03 16:41:00
2599,955,529,1,3.4,CONFIRMED,2018-01-03 22:41:00
2600,956,290,1,1.65,CONFIRMED,2018-01-04 12:37:00
2601,956,910,1,1.65,CONFIRMED,2018-01-03 00:37:00
2602,956,631,1,1.65,CONFIRMED,2018-01-04 19:37:00
2603,956,108,1,1.65,CONFIRMED,2018-01-04 17:37:00
2604,957,756,1,8.11,CONFIRMED,2018-01-03 13:46:00
2605,957,959,1,8.11,CONFIRMED,2018-01-04 15:46:00
2606,957,873,1,8.11,CONFIRMED,2018-01-05 10:46:00
2607,958,166,2,14.68,CONFIRMED,2018-01-03 03:47:00
2608,958,407,2,14.68,CANCELLED,2018-01-04 16:47:00
2609,959,463,1,3.76,CONFIRMED,2018-01-05 02:30:00
2610,959,220,1,3.76,CONFIRMED,2018-01-03 00:30:00
2611,959,465,1,3.76,CONFIRMED,2018-01-04 18:30:00
2612,959,638,1,3.76,CONFIRMED,2018-01-03 03:30:00
2613,960,681,1,4.11,CONFIRMED,2018-01-06 06:21:00
2614,960,99,1,4.11,CONFIRMED,2018-01-05 09:21:00
2615,960,686,1,4.11,PENDING,2018-01-06 23:21:00
2616,960,878,1,4.11,CONFIRMED,2018-01-05 05:21:00
2617,961,124,3,8.07,CONFIRMED,2018-01-05 21:14:00
2618,962,464,1,4.13,PENDING,2018-01-05 01:56:00
2619,962,447,1,4.13,CONFIRMED,2018-01-05 00:56:00
2620,962,568,1,4.13,CONFIRMED,2018-01-06 13:56:00
2621,963,204,3,5.52,CONFIRMED,2018-01-08 14:29:00
2622,964,821,3,9.42,CONFIRMED,2018-01-07 13:07:00
2623,965,384,1,2.1,CONFIRMED,2018-01-09 04:46:00
2624,965,163,3,6.3,CONFIRMED,2018-01-08 02:46:00
2625,966,286,1,2.65,PENDING,2018-01-08 16:23:00
2626,967,400,2,5.2,CANCELLED,2018-01-08 22:36:00
2627,967,924,2,5.2,CONFIRMED,2018-01-09 19:36:00
2628,967,536,1,2.6,CONFIRMED,2018-01-08 10:36:00
2629,968,214,1,4.54,CONFIRMED,2018-01-10 02:37:00
2630,968,947,1,4.54,CONFIRMED,2018-01-11 10:37:00
2631,968,753,1,4.54,CONFIRMED,2018-01-11 10:37:00
2632,969,401,1,2.01,CONFIRMED,2018-01-10 20:51:00
2633,969,607,1,2.01,CANCELLED,2018-01-11 16:51:00
2634,969,199,1,2.01,CONFIRMED,2018-01-11 13:51:00
2635,969,255,1,2.01,CONFIRMED,2018-01-12 06:51:00
2636,970,535,3,10.98,CONFIRMED,2018-01-10 05:18:00
2637,971,678,3,8.28,CANCELLED,2018-01-11 14:09:00
2638,971,449,6,16.56,CONFIRMED,2018-01-13 16:09:00
2639,972,903,3,7.2,CONFIRMED,2018-01-13 08:05:00
2640,973,391,3,3.72,CONFIRMED,2018-01-12 09:12:00
2641,974,601,1,2.42,CONFIRMED,2018-01-13 16:30:00
2642,974,173,1,2.42,CONFIRMED,2018-01-12 22:30:00
2643,974,899,1,2.42,CANCELLED,2018-01-12 05:30:00
2644,974,728,1,2.42,CONFIRMED,2018-01-14 07:30:00
2645,975,864,2,5.68,CANCELLED,2018-01-12 03:52:00
2646,975,743,2,5.68,CONFIRMED,2018-01-13 12:52:00
2647,975,752,2,5.68,CONFIRMED,2018-01-14 08:52:00
2648,976,249,1,3.6,CONFIRMED,2018-01-14 15:29:00
2649,976,601,1,3.6,CONFIRMED,2018-01-13 04:29:00
2650,976,507,1,3.6,CONFIRMED,2018-01-14 15:29:00
2651,976,227,1,3.6,CONFIRMED,2018-01-14 13:29:00
2652,977,370,3,6.24,CONFIRMED,2018-01-13 03:12:00
2653,977,596,2,4.16,CONFIRMED,2018-01-15 03:12:00
2654,978,664,2,4.76,CONFIRMED,2018-01-12 18:43:00
2655,978,809,1,2.38,CANCELLED,2018-01-13 05:43:00
2656,978,451,1,2.38,CONFIRMED,2018-01-14 13:43:00
2657,979,647,3,7.56,CONFIRMED,2018-01-13 10:38:00
2658,980,748,4,18.6,CANCELLED,2018-01-15 00:39:00
2659,981,840,3,15.87,PENDING,2018-01-15 02:34:00
2660,981,701,3,15.87,CONFIRMED,2018-01-16 03:34:00
2661,981,353,3,15.87,CONFIRMED,2018-01-15 00:34:00
2662,982,216,3,20.73,CONFIRMED,2018-01-14 07:07:00
2663,982,573,2,13.82,CONFIRMED,2018-01-15 12:07:00
2664,983,879,1,5.68,CONFIRMED,2018-01-15 15:33:00
2665,983,92,1,5.68,CANCELLED,2018-01-16 19:33:00
2666,983,342,1,5.68,CONFIRMED,2018-01-14 15:33:00
2667,983,361,1,5.68,CONFIRMED,2018-01-16 05:33:00
2668,984,878,2,16.94,CONFIRMED,2018-01-15 00:36:00
2669,984,726,2,16.94,CONFIRMED,2018-01-16 11:36:00
2670,984,498,2,16.94,CONFIRMED,2018-01-16 08:36:00
2671,985,932,2,12.3,CONFIRMED,2018-01-14 12:39:00
2672,985,520,1,6.15,CONFIRMED,2018-01-16 23:39:00
2673,985,719,1,6.15,CONFIRMED,2018-01-15 05:39:00
2674,986,150,2,5.52,CONFIRMED,2018-01-16 08:30:00
2675,986,735,1,2.76,CANCELLED,2018-01-16 20:30:00
2676,986,349,1,2.76,CONFIRMED,2018-01-17 05:30:00
2677,987,847,1,2.8,CONFIRMED,2018-01-17 09:34:00
2678,987,42,1,2.8,CONFIRMED,2018-01-17 16:34:00
2679,987,252,1,2.8,CANCELLED,2018-01-16 12:34:00
2680,987,563,1,2.8,CONFIRMED,2018-01-17 07:34:00
2681,988,989,3,8.94,CONFIRMED,2018-01-18 02:31:00
2682,988,22,2,5.96,CONFIRMED,2018-01-19 10:31:00
2683,989,191,1,2.79,CONFIRMED,2018-01-18 12:18:00
2684,989,870,1,2.79,CONFIRMED,2018-01-18 15:18:00
2685,989,533,1,2.79,CONFIRMED,2018-01-18 15:18:00
2686,989,596,1,2.79,CONFIRMED,2018-01-18 16:18:00
2687,990,983,3,9.24,CONFIRMED,2018-01-21 07:47:00
2688,991,99,3,8.01,CONFIRMED,2018-01-21 14:22:00
2689,991,941,2,5.34,CONFIRMED,2018-01-23 05:22:00
2690,992,736,1,3.03,CONFIRMED,2018-01-24 14:08:00
2691,992,720,2,6.06,CONFIRMED,2018-01-22 05:08:00
2692,992,662,2,6.06,CONFIRMED,2018-01-23 23:08:00
2693,993,575,4,11.68,CONFIRMED,2018-01-25 02:35:00
2694,994,489,1,3.58,CONFIRMED,2018-01-23 22:00:00
2695,994,890,1,3.58,PENDING,2018-01-24 08:00:00
2696,995,972,1,2.17,CONFIRMED,2018-01-23 19:52:00
2697,995,920,2,4.34,CONFIRMED,2018-01-25 16:52:00
2698,995,747,2,4.34,CONFIRMED,2018-01-24 00:52:00
2699,996,553,2,6.76,CONFIRMED,2018-01-23 17:24:00
2700,996,715,2,6.76,CONFIRMED,2018-01-23 13:24:00
2701,996,692,2,6.76,CANCELLED,2018-01-26 04:24:00
2702,997,603,1,3.5,CONFIRMED,2018-01-24 07:57:00
2703,997,123,2,7.0,CONFIRMED,2018-01-26 02:57:00
2704,997,795,1,3.5,PENDING,2018-01-26 04:57:00
2705,998,31,2,5.52,CONFIRMED,2018-01-25 09:18:00
2706,998,666,1,2.76,CONFIRMED,2018-01-25 00:18:00
2707,999,719,1,2.7,CANCELLED,2018-01-26 13:57:00
2708,999,973,1,2.7,CONFIRMED,2018-01-26 18:57:00
2709,999,703,1,2.7,CONFIRMED,2018-01-26 16:57:00
2710,1000,726,2,2.92,CONFIRMED,2018-01-27 16:59:00
2711,1000,441,2,2.92,CONFIRMED,2018-01-27 10:59:00
2712,1001,664,2,5.18,CONFIRMED,2018-01-28 22:38:00
2713,1001,650,2,5.18,CONFIRMED,2018-01-29 03:38:00
2714,1001,84,1,2.59,CONFIRMED,2018-01-28 22:38:00
2715,1002,2,3,16.35,CONFIRMED,2018-01-28 14:41:00
2716,1002,988,2,10.9,CONFIRMED,2018-01-28 08:41:00
2717,1003,980,2,8.02,CONFIRMED,2018-01-27 17:43:00
2718,1004,550,2,5.74,CONFIRMED,2018-01-30 01:21:00
2719,1004,224,3,8.61,CONFIRMED,2018-01-29 22:21:00
2720,1005,725,1,2.77,CONFIRMED,2018-01-29 01:31:00
2721,1005,868,1,2.77,CONFIRMED,2018-01-28 13:31:00
2722,1005,902,1,2.77,CANCELLED,2018-01-29 18:31:00
2723,1005,792,1,2.77,CONFIRMED,2018-01-30 10:31:00
2724,1006,923,2,6.12,CONFIRMED,2018-01-31 00:45:00
2725,1006,103,3,9.18,CANCELLED,2018-01-29 09:45:00
2726,1007,563,1,3.53,CANCELLED,2018-01-29 10:55:00
2727,1007,853,1,3.53,CONFIRMED,2018-01-30 10:55:00
2728,1007,399,1,3.53,CONFIRMED,2018-01-29 18:55:00
2729,1008,815,1,4.92,CONFIRMED,2018-01-30 19:55:00
2730,1008,414,3,14.76,CONFIRMED,2018-02-01 20:55:00
2731,1009,681,3,9.9,CANCELLED,2018-02-02 23:43:00
2732,1010,404,2,5.82,CONFIRMED,2018-02-04 00:38:00
2733,1010,777,1,2.91,CONFIRMED,2018-02-04 03:38:00
2734,1010,561,2,5.82,CONFIRMED,2018-02-05 23:38:00
2735,1010,660,2,5.82,CONFIRMED,2018-02-05 20:38:00
2736,1010,206,2,5.82,CONFIRMED,2018-02-04 08:38:00
2737,1011,510,2,6.66,CONFIRMED,2018-02-07 02:41:00
2738,1011,807,1,3.33,CONFIRMED,2018-02-06 22:41:00
2739,1011,791,2,6.66,CANCELLED,2018-02-04 12:41:00
2740,1012,658,2,19.2,CONFIRMED,2018-02-05 13:09:00
2741,1013,49,3,24.6,CONFIRMED,2018-02-06 20:10:00
2742,1014,845,4,15.4,CONFIRMED,2018-02-06 00:46:00
2743,1015,521,3,21.27,CONFIRMED,2018-02-07 19:39:00
2744,1015,380,1,7.09,CONFIRMED,2018-02-07 23:39:00
2745,1016,731,1,2.74,CONFIRMED,2018-02-06 08:22:00
2746,1016,328,2,5.48,CONFIRMED,2018-02-08 22:22:00
2747,1017,946,4,13.96,CONFIRMED,2018-02-08 18:53:00
2748,1018,5,3,9.99,PENDING,2018-02-07 18:43:00
2749,1018,928,2,6.66,CONFIRMED,2018-02-07 16:43:00
2750,1018,247,1,3.33,CONFIRMED,2018-02-08 12:43:00
2751,1019,905,2,4.46,CONFIRMED,2018-02-09 00:49:00
2752,1019,946,2,4.46,CONFIRMED,2018-02-08 05:49:00
2753,1019,433,2,4.46,CONFIRMED,2018-02-09 10:49:00
2754,1020,260,1,3.67,CONFIRMED,2018-02-08 03:17:00
2755,1020,616,1,3.67,CONFIRMED,2018-02-09 08:17:00
2756,1020,11,1,3.67,CONFIRMED,2018-02-09 22:17:00
2757,1020,643,1,3.67,CANCELLED,2018-02-07 22:17:00
2758,1021,188,3,36.12,CONFIRMED,2018-02-11 01:55:00
2759,1022,292,1,14.71,CONFIRMED,2018-02-11 22:58:00
2760,1022,550,1,14.71,CANCELLED,2018-02-11 12:58:00
2761,1022,294,1,14.71,CONFIRMED,2018-02-09 22:58:00
2762,1022,878,1,14.71,CONFIRMED,2018-02-12 09:58:00
2763,1023,491,1,20.59,CANCELLED,2018-02-12 00:12:00
2764,1023,112,1,20.59,CONFIRMED,2018-02-12 15:12:00
2765,1023,115,2,41.18,CONFIRMED,2018-02-11 00:12:00
2766,1023,235,4,82.36,CONFIRMED,2018-02-10 15:12:00
2767,1024,680,2,22.54,CONFIRMED,2018-02-11 14:55:00
2768,1025,584,1,4.6,CANCELLED,2018-02-11 14:53:00
2769,1026,945,2,4.2,CONFIRMED,2018-02-13 13:13:00
2770,1026,180,2,4.2,CONFIRMED,2018-02-12 07:13:00
2771,1026,359,1,2.1,CONFIRMED,2018-02-12 20:13:00
2772,1027,675,1,2.48,CANCELLED,2018-02-13 12:44:00
2773,1027,740,1,2.48,CONFIRMED,2018-02-12 08:44:00
2774,1027,450,1,2.48,CONFIRMED,2018-02-12 04:44:00
2775,1028,115,1,3.07,CONFIRMED,2018-02-11 01:20:00
2776,1029,635,2,5.58,CONFIRMED,2018-02-12 04:53:00
2777,1030,40,1,2.63,CONFIRMED,2018-02-14 03:11:00
2778,1030,147,2,5.26,CONFIRMED,2018-02-13 20:11:00
2779,1031,789,1,2.79,CONFIRMED,2018-02-14 00:53:00
2780,1031,582,1,2.79,CONFIRMED,2018-02-11 16:53:00
2781,1031,123,1,2.79,CONFIRMED,2018-02-12 03:53:00
2782,1031,879,1,2.79,CANCELLED,2018-02-12 22:53:00
2783,1032,503,2,5.84,CANCELLED,2018-02-13 15:23:00
2784,1032,629,2,5.84,CONFIRMED,2018-02-12 12:23:00
2785,1032,257,1,2.92,CONFIRMED,2018-02-13 12:23:00
2786,1032,354,2,5.84,PENDING,2018-02-13 14:23:00
2787,1032,653,2,5.84,CONFIRMED,2018-02-12 03:23:00
2788,1032,466,2,5.84,CONFIRMED,2018-02-12 00:23:00
2789,1033,729,1,3.06,PENDING,2018-02-14 17:44:00
2790,1033,902,1,3.06,CONFIRMED,2018-02-13 06:44:00
2791,1033,555,1,3.06,CANCELLED,2018-02-12 23:44:00
2792,1033,874,1,3.06,CONFIRMED,2018-02-13 08:44:00
2793,1034,373,4,11.16,CONFIRMED,2018-02-13 15:01:00
2794,1034,346,2,5.58,CONFIRMED,2018-02-15 10:01:00
2795,1034,334,2,5.58,CANCELLED,2018-02-14 12:01:00
2796,1034,683,4,11.16,CONFIRMED,2018-02-14 06:01:00
2797,1035,661,2,6.06,CONFIRMED,2018-02-16 07:03:00
2798,1035,315,2,6.06,CONFIRMED,2018-02-14 16:03:00
2799,1035,219,1,3.03,CONFIRMED,2018-02-15 01:03:00
2800,1036,677,3,11.64,CONFIRMED,2018-02-17 00:41:00
2801,1036,394,1,3.88,CONFIRMED,2018-02-17 07:41:00
2802,1037,281,3,5.91,CONFIRMED,2018-02-18 15:39:00
2803,1037,765,3,5.91,CONFIRMED,2018-02-18 09:39:00
2804,1038,422,2,5.78,CONFIRMED,2018-02-19 04:14:00
2805,1038,325,2,5.78,CONFIRMED,2018-02-17 01:14:00
2806,1039,694,1,2.63,CONFIRMED,2018-02-20 01:23:00
2807,1040,9,1,3.93,CONFIRMED,2018-02-21 22:11:00
2808,1041,955,2,7.02,CONFIRMED,2018-02-22 19:40:00
2809,1041,925,1,3.51,CONFIRMED,2018-02-23 06:40:00
2810,1042,640,2,7.88,CONFIRMED,2018-02-22 23:19:00
2811,1042,933,2,7.88,CONFIRMED,2018-02-20 22:19:00
2812,1042,324,1,3.94,CANCELLED,2018-02-23 02:19:00
2813,1043,426,3,8.04,CANCELLED,2018-02-24 05:29:00
2814,1043,122,1,2.68,CONFIRMED,2018-02-23 21:29:00
2815,1044,708,1,2.65,PENDING,2018-02-26 01:25:00
2816,1044,870,2,5.3,CONFIRMED,2018-02-26 14:25:00
2817,1044,927,1,2.65,CANCELLED,2018-02-24 07:25:00
2818,1045,489,1,2.51,CANCELLED,2018-02-26 10:08:00
2819,1045,175,1,2.51,CANCELLED,2018-02-24 19:08:00
2820,1045,787,1,2.51,CANCELLED,2018-02-26 23:08:00
2821,1045,21,1,2.51,CONFIRMED,2018-02-26 16:08:00
2822,1046,695,1,3.41,CONFIRMED,2018-02-27 10:02:00
2823,1046,404,2,6.82,CONFIRMED,2018-02-28 01:02:00
2824,1046,940,2,6.82,CONFIRMED,2018-02-25 20:02:00
2825,1047,638,5,14.65,CONFIRMED,2018-02-27 22:25:00
2826,1048,873,2,4.94,PENDING,2018-03-01 07:58:00
2827,1048,259,2,4.94,CONFIRMED,2018-02-28 13:58:00
2828,1048,197,1,2.47,CONFIRMED,2018-02-27 19:58:00
2829,1049,460,1,4.28,CONFIRMED,2018-02-27 08:09:00
2830,1049,444,1,4.28,CONFIRMED,2018-03-01 14:09:00
2831,1049,346,1,4.28,CANCELLED,2018-03-01 17:09:00
2832,1050,589,1,4.94,CONFIRMED,2018-02-27 21:58:00
2833,1050,20,1,4.94,CONFIRMED,2018-02-28 23:58:00
2834,1050,310,1,4.94,CONFIRMED,2018-02-27 16:58:00
2835,1051,804,1,2.92,CONFIRMED,2018-02-27 22:26:00
2836,1051,435,1,2.92,CONFIRMED,2018-03-01 10:26:00
2837,1051,417,1,2.92,CANCELLED,2018-03-02 10:26:00
2838,1051,726,1,2.92,CANCELLED,2018-03-02 06:26:00
2839,1051,351,1,2.92,CANCELLED,2018-03-02 07:26:00
2840,1051,136,1,2.92,CONFIRMED,2018-02-28 21:26:00
2841,1051,967,1,2.92,CONFIRMED,2018-03-01 14:26:00
2842,1052,886,1,2.62,CONFIRMED,2018-03-05 09:02:00
2843,1053,893,1,2.16,CONFIRMED,2018-03-03 09:13:00
2844,1053,932,2,4.32,CONFIRMED,2018-03-05 06:13:00
2845,1053,634,1,2.16,CONFIRMED,2018-03-05 02:13:00
2846,1054,942,1,2.51,CONFIRMED,2018-03-05 21:21:00
2847,1054,765,1,2.51,CONFIRMED,2018-03-05 03:21:00
2848,1055,52,1,3.18,CONFIRMED,2018-03-03 14:54:00
2849,1055,736,1,3.18,CONFIRMED,2018-03-05 08:54:00
2850,1056,621,1,2.74,CONFIRMED,2018-03-06 13:24:00
2851,1056,725,1,2.74,CONFIRMED,2018-03-06 20:24:00
2852,1056,191,1,2.74,CONFIRMED,2018-03-05 19:24:00
2853,1056,481,1,2.74,CONFIRMED,2018-03-03 23:24:00
2854,1057,718,3,8.34,CONFIRMED,2018-03-06 09:20:00
2855,1057,127,1,2.78,CANCELLED,2018-03-06 04:20:00
2856,1058,405,3,8.94,CONFIRMED,2018-03-05 23:11:00
2857,1058,652,3,8.94,CONFIRMED,2018-03-07 00:11:00
2858,1059,257,1,4.96,CONFIRMED,2018-03-10 10:38:00
2859,1059,846,1,4.96,CONFIRMED,2018-03-11 10:38:00
2860,1059,354,1,4.96,CONFIRMED,2018-03-09 22:38:00
2861,1059,755,1,4.96,CONFIRMED,2018-03-09 11:38:00
2862,1060,692,3,11.37,CONFIRMED,2018-03-11 07:52:00
2863,1061,604,2,22.92,CONFIRMED,2018-03-12 06:43:00
2864,1061,791,2,22.92,CONFIRMED,2018-03-10 22:43:00
2865,1062,367,2,12.66,CONFIRMED,2018-03-11 07:38:00
2866,1062,762,2,12.66,CONFIRMED,2018-03-11 21:38:00
2867,1063,603,1,2.34,CONFIRMED,2018-03-11 05:43:00
2868,1063,175,2,4.68,CANCELLED,2018-03-11 16:43:00
2869,1064,475,1,3.62,CONFIRMED,2018-03-11 15:17:00
2870,1064,891,1,3.62,CANCELLED,2018-03-12 23:17:00
2871,1064,922,1,3.62,CONFIRMED,2018-03-12 21:17:00
2872,1064,476,1,3.62,CONFIRMED,2018-03-11 09:17:00
2873,1065,929,1,7.84,CONFIRMED,2018-03-14 06:20:00
2874,1065,177,1,7.84,CONFIRMED,2018-03-14 13:20:00
2875,1065,155,1,7.84,CONFIRMED,2018-03-14 06:20:00
2876,1065,609,1,7.84,CONFIRMED,2018-03-13 10:20:00
2877,1065,970,1,7.84,CONFIRMED,2018-03-13 18:20:00
2878,1065,189,1,7.84,CONFIRMED,2018-03-15 12:20:00
2879,1066,994,1,4.47,CONFIRMED,2018-03-14 16:12:00
2880,1066,683,1,4.47,CONFIRMED,2018-03-15 15:12:00
2881,1066,62,1,4.47,CONFIRMED,2018-03-13 18:12:00
2882,1066,362,1,4.47,CONFIRMED,2018-03-16 08:12:00
2883,1067,648,2,7.5,CONFIRMED,2018-03-14 05:04:00
2884,1067,163,1,3.75,CONFIRMED,2018-03-13 16:04:00
2885,1067,347,2,7.5,CONFIRMED,2018-03-14 12:04:00
2886,1068,707,1,11.03,CONFIRMED,2018-03-14 14:20:00
2887,1068,886,1,11.03,CONFIRMED,2018-03-14 20:20:00
2888,1068,132,1,11.03,CANCELLED,2018-03-14 21:20:00
2889,1068,379,1,11.03,CONFIRMED,2018-03-13 14:20:00
2890,1068,579,1,11.03,CONFIRMED,2018-03-14 19:20:00
2891,1068,995,1,11.03,CANCELLED,2018-03-14 20:20:00
2892,1068,485,1,11.03,CONFIRMED,2018-03-15 07:20:00
2893,1069,501,2,26.06,CANCELLED,2018-03-15 01:43:00
2894,1069,577,3,39.09,CANCELLED,2018-03-14 16:43:00
2895,1070,640,1,4.26,CONFIRMED,2018-03-14 09:14:00
2896,1070,330,3,12.78,CANCELLED,2018-03-15 10:14:00
2897,1071,461,4,13.64,CONFIRMED,2018-03-16 02:21:00
2898,1072,373,1,3.18,CONFIRMED,2018-03-18 04:43:00
2899,1072,870,3,9.54,CONFIRMED,2018-03-17 11:43:00
2900,1073,495,1,2.33,PENDING,2018-03-16 22:12:00
2901,1073,576,1,2.33,CONFIRMED,2018-03-16 16:12:00
2902,1073,150,1,2.33,CANCELLED,2018-03-18 12:12:00
2903,1074,303,1,4.41,CONFIRMED,2018-03-18 19:40:00
2904,1075,255,2,5.14,CONFIRMED,2018-03-20 17:19:00
2905,1075,811,2,5.14,CONFIRMED,2018-03-20 00:19:00
2906,1075,386,2,5.14,CONFIRMED,2018-03-18 13:19:00
2907,1076,378,2,5.8,CONFIRMED,2018-03-20 20:41:00
2908,1077,642,4,12.92,CONFIRMED,2018-03-21 03:11:00
2909,1077,392,3,9.69,CONFIRMED,2018-03-20 15:11:00
2910,1077,569,4,12.92,CONFIRMED,2018-03-21 00:11:00
2911,1077,161,3,9.69,PENDING,2018-03-21 01:11:00
2912,1078,890,3,9.75,CONFIRMED,2018-03-24 05:23:00
2913,1079,323,3,11.37,CONFIRMED,2018-03-26 19:25:00
2914,1079,853,3,11.37,CONFIRMED,2018-03-25 05:25:00
2915,1080,183,1,3.86,CONFIRMED,2018-03-28 18:40:00
2916,1080,335,1,3.86,CANCELLED,2018-03-30 04:40:00
2917,1081,509,1,5.33,CONFIRMED,2018-03-30 01:07:00
2918,1081,66,3,15.99,CONFIRMED,2018-03-29 08:07:00
2919,1082,774,3,10.29,PENDING,2018-03-31 21:02:00
2920,1083,423,3,8.91,CONFIRMED,2018-04-01 17:15:00
2921,1084,559,1,2.52,CONFIRMED,2018-04-01 12:17:00
2922,1084,64,1,2.52,CANCELLED,2018-04-02 01:17:00
2923,1084,538,1,2.52,CONFIRMED,2018-04-03 01:17:00
2924,1084,427,1,2.52,CONFIRMED,2018-04-01 11:17:00
2925,1085,54,2,10.88,CONFIRMED,2018-04-04 13:05:00
2926,1086,778,1,3.85,PENDING,2018-04-04 17:11:00
2927,1086,239,3,11.55,CONFIRMED,2018-04-03 09:11:00
2928,1087,20,1,4.49,CONFIRMED,2018-04-03 10:43:00
2929,1087,523,1,4.49,CONFIRMED,2018-04-05 11:43:00
2930,1087,785,1,4.49,CONFIRMED,2018-04-03 01:43:00
2931,1087,297,1,4.49,CONFIRMED,2018-04-05 05:43:00
2932,1088,522,1,10.2,CONFIRMED,2018-04-08 15:34:00
2933,1088,922,1,10.2,CANCELLED,2018-04-07 22:34:00
2934,1088,850,2,20.4,CONFIRMED,2018-04-06 17:34:00
2935,1089,164,1,3.75,CONFIRMED,2018-04-10 18:54:00
2936,1089,856,1,3.75,CONFIRMED,2018-04-10 23:54:00
2937,1089,207,1,3.75,CONFIRMED,2018-04-09 18:54:00
2938,1089,774,1,3.75,CONFIRMED,2018-04-11 21:54:00
2939,1090,397,1,4.37,CONFIRMED,2018-04-11 14:28:00
2940,1091,779,3,10.68,CONFIRMED,2018-04-12 13:36:00
2941,1091,584,3,10.68,CANCELLED,2018-04-11 18:36:00
2942,1092,56,1,3.51,CONFIRMED,2018-04-19 06:33:00
2943,1092,665,1,3.51,CONFIRMED,2018-04-18 10:33:00
2944,1092,643,1,3.51,CONFIRMED,2018-04-17 08:33:00
2945,1092,236,1,3.51,CONFIRMED,2018-04-17 07:33:00
2946,1093,944,2,9.1,CONFIRMED,2018-04-17 22:19:00
2947,1093,504,3,13.65,CANCELLED,2018-04-18 03:19:00
2948,1094,633,1,2.8,CANCELLED,2018-04-23 06:44:00
2949,1095,879,1,2.6,CANCELLED,2018-04-23 10:59:00
2950,1096,456,1,3.92,CONFIRMED,2018-04-22 14:21:00
2951,1096,391,1,3.92,CONFIRMED,2018-04-22 07:21:00
2952,1096,748,2,7.84,CONFIRMED,2018-04-22 08:21:00
2953,1097,305,1,2.78,CANCELLED,2018-04-25 00:22:00
2954,1098,270,1,3.33,CONFIRMED,2018-04-26 12:37:00
2955,1098,468,2,6.66,CONFIRMED,2018-04-26 01:37:00
2956,1099,744,2,6.82,CONFIRMED,2018-04-24 14:15:00
